"","not_paid","verified","purpose","installment","int_rate","home_ownership","grdCtoA","annual_inc"
"1",0,1,"debt_consolidation",675.99,14.08,"MORTGAGE",0,156700
"2",1,0,"debt_consolidation",480.08,9.44,"RENT",1,50000
"3",1,1,"debt_consolidation",1010.3,28.72,"OWN",0,25000
"4",1,0,"debt_consolidation",484.19,13.59,"MORTGAGE",0,175000
"5",0,0,"major_purchase",476.33,15.05,"MORTGAGE",0,109992
"6",1,0,"debt_consolidation",130.79,10.91,"MORTGAGE",1,49000
"7",0,0,"credit_card",333.43,15.05,"RENT",0,65000
"8",1,0,"credit_card",915.5,10.91,"RENT",1,95000
"9",1,1,"home_improvement",713.96,17.09,"MORTGAGE",0,150000
"10",0,1,"debt_consolidation",408.73,18.06,"RENT",0,85000
"11",1,1,"debt_consolidation",642.47,29.69,"MORTGAGE",0,62540
"12",0,1,"debt_consolidation",451.19,12.62,"MORTGAGE",0,95000
"13",0,1,"credit_card",86.73,15.05,"RENT",0,32400
"14",1,1,"small_business",344.85,26.3,"RENT",0,60000
"15",1,1,"credit_card",211.03,10.42,"RENT",1,52000
"16",1,1,"debt_consolidation",444.82,14.08,"RENT",0,70000
"17",1,1,"debt_consolidation",225.6,12.62,"RENT",0,15000
"18",1,0,"debt_consolidation",571.38,10.42,"MORTGAGE",1,186000
"19",0,1,"home_improvement",672.11,9.44,"MORTGAGE",1,65000
"20",0,0,"debt_consolidation",145.7,15.05,"MORTGAGE",0,125000
"21",1,1,"debt_consolidation",436.36,7.07,"MORTGAGE",1,48000
"22",1,0,"debt_consolidation",542.89,12.62,"MORTGAGE",0,140000
"23",0,0,"debt_consolidation",295.64,7.35,"MORTGAGE",1,53000
"24",1,1,"debt_consolidation",371.38,21.45,"MORTGAGE",0,35000
"25",1,1,"small_business",643.12,25.82,"MORTGAGE",0,80000
"26",1,1,"debt_consolidation",578.93,18.06,"RENT",0,40000
"27",0,0,"debt_consolidation",326.97,10.91,"RENT",1,30000
"28",1,0,"debt_consolidation",148.66,20,"MORTGAGE",0,68000
"29",0,0,"credit_card",270.77,9.93,"RENT",1,35000
"30",0,1,"home_improvement",318.19,9.93,"MORTGAGE",1,56000
"31",0,1,"credit_card",357.25,15.05,"MORTGAGE",0,80000
"32",1,1,"small_business",111.5,20,"RENT",0,30000
"33",1,1,"debt_consolidation",393.79,30.75,"OWN",0,120000
"34",1,0,"debt_consolidation",789.3,28.72,"MORTGAGE",0,75000
"35",0,0,"debt_consolidation",322.48,11.99,"MORTGAGE",1,102000
"36",1,1,"debt_consolidation",211.01,16.02,"RENT",0,17000
"37",0,1,"debt_consolidation",860.96,23.88,"OWN",0,60000
"38",1,1,"debt_consolidation",579.95,22.91,"MORTGAGE",0,50000
"39",1,1,"credit_card",437.98,14.08,"RENT",0,45000
"40",0,0,"debt_consolidation",682.68,21.45,"MORTGAGE",0,25000
"41",0,0,"home_improvement",192.03,9.44,"RENT",1,45000
"42",0,1,"debt_consolidation",194.79,10.42,"MORTGAGE",1,71000
"43",1,1,"debt_consolidation",1186.48,21.45,"MORTGAGE",0,140000
"44",1,1,"debt_consolidation",916.47,29.69,"RENT",0,70000
"45",1,1,"debt_consolidation",660.09,19.03,"OWN",0,45000
"46",1,0,"home_improvement",853.18,17.09,"MORTGAGE",0,64800
"47",0,1,"credit_card",745.85,25.82,"RENT",0,65000
"48",1,1,"debt_consolidation",232.47,11.99,"RENT",1,42000
"49",1,1,"home_improvement",868.39,18.06,"MORTGAGE",0,80000
"50",1,0,"credit_card",867.25,15.05,"MORTGAGE",0,64000
"51",0,0,"debt_consolidation",271.84,13.59,"MORTGAGE",0,67000
"52",1,1,"debt_consolidation",297.96,7.35,"OWN",1,50000
"53",0,0,"debt_consolidation",636.39,23.88,"MORTGAGE",0,65000
"54",0,0,"credit_card",107.63,6.72,"RENT",1,57000
"55",1,1,"debt_consolidation",351.67,16.02,"MORTGAGE",0,50000
"56",0,1,"debt_consolidation",85.55,14.08,"RENT",0,37000
"57",1,0,"debt_consolidation",160.03,9.44,"MORTGAGE",1,45000
"58",1,1,"major_purchase",676.78,12.62,"MORTGAGE",0,117963
"59",0,1,"debt_consolidation",646.14,28.72,"RENT",0,43000
"60",1,0,"debt_consolidation",132.84,11.99,"MORTGAGE",1,36000
"61",1,0,"debt_consolidation",194.27,15.05,"OWN",0,125000
"62",1,1,"home_improvement",710.28,15.05,"MORTGAGE",0,46589
"63",1,1,"credit_card",326.97,10.91,"RENT",1,70000
"64",1,1,"home_improvement",286.89,9.93,"MORTGAGE",1,30000
"65",1,1,"credit_card",901.94,15.05,"MORTGAGE",0,75341
"66",0,1,"credit_card",569.78,30.79,"RENT",0,63730
"67",1,1,"debt_consolidation",542.74,18.06,"OWN",0,75000
"68",1,1,"credit_card",187.67,12.62,"RENT",0,70000
"69",1,1,"debt_consolidation",352.97,19.03,"RENT",0,41000
"70",1,0,"debt_consolidation",355.84,11.99,"RENT",1,145000
"71",0,1,"debt_consolidation",974.67,6.08,"RENT",1,110000
"72",0,0,"credit_card",294.27,10.91,"RENT",1,34000
"73",1,1,"major_purchase",1173.48,19.03,"RENT",0,1e+05
"74",0,0,"debt_consolidation",240.19,11.99,"RENT",1,62000
"75",0,1,"home_improvement",49.05,10.91,"MORTGAGE",1,64000
"76",0,0,"debt_consolidation",896.14,9.44,"MORTGAGE",1,120000
"77",0,0,"credit_card",806.97,13.59,"RENT",0,125000
"78",1,1,"debt_consolidation",351.67,16.02,"RENT",0,55000
"79",1,1,"debt_consolidation",762.12,15.05,"RENT",0,89943
"80",0,1,"debt_consolidation",527.51,16.02,"OWN",0,48000
"81",0,1,"credit_card",285.59,17.09,"MORTGAGE",0,27000
"82",0,1,"credit_card",307.5,6.72,"RENT",1,64398
"83",0,0,"debt_consolidation",996.29,11.99,"RENT",1,146000
"84",0,0,"debt_consolidation",96.02,9.44,"OWN",1,80000
"85",1,1,"small_business",148.85,14.08,"RENT",0,48000
"86",1,0,"debt_consolidation",217.1,18.06,"MORTGAGE",0,35064
"87",1,0,"debt_consolidation",345.85,13.59,"MORTGAGE",0,110000
"88",1,1,"debt_consolidation",806.97,13.59,"RENT",0,113000
"89",0,0,"debt_consolidation",726.8,19.03,"MORTGAGE",0,70000
"90",0,1,"debt_consolidation",525.45,30.79,"MORTGAGE",0,17004
"91",1,1,"credit_card",211.01,16.02,"RENT",0,36500
"92",1,0,"debt_consolidation",451.06,19.03,"RENT",0,70400
"93",1,1,"debt_consolidation",464.94,11.99,"RENT",1,80000
"94",1,1,"debt_consolidation",440.06,19.03,"MORTGAGE",0,75000
"95",1,0,"home_improvement",726.8,19.03,"MORTGAGE",0,29000
"96",1,0,"credit_card",579.47,7.97,"OWN",1,90000
"97",1,1,"debt_consolidation",335.12,12.62,"RENT",0,75000
"98",0,1,"debt_consolidation",90.35,5.32,"RENT",1,22000
"99",0,1,"major_purchase",909.02,10.42,"RENT",1,40000
"100",1,1,"small_business",413.79,30.79,"RENT",0,18000
"101",1,1,"debt_consolidation",366.85,30.65,"RENT",0,28000
"102",0,1,"credit_card",752.87,5.32,"MORTGAGE",1,135000
"103",0,1,"credit_card",699.3,14.08,"MORTGAGE",0,54000
"104",1,1,"debt_consolidation",489.51,14.08,"OWN",0,95000
"105",1,1,"debt_consolidation",929.09,20,"MORTGAGE",0,130000
"106",0,1,"credit_card",502.67,12.62,"MORTGAGE",0,60000
"107",0,1,"debt_consolidation",1026.5,14.08,"MORTGAGE",0,76000
"108",0,1,"debt_consolidation",1266.39,18.06,"MORTGAGE",0,75000
"109",0,0,"debt_consolidation",145.58,7.21,"MORTGAGE",1,44584
"110",0,1,"debt_consolidation",520.35,15.05,"RENT",0,71000
"111",1,1,"major_purchase",559.44,14.08,"RENT",0,38500
"112",1,1,"credit_card",553.35,13.59,"MORTGAGE",0,70000
"113",0,0,"debt_consolidation",520.3,20,"RENT",0,40000
"114",1,0,"home_improvement",465.57,7.35,"MORTGAGE",1,47000
"115",1,1,"debt_consolidation",494.28,20,"RENT",0,34000
"116",0,0,"home_improvement",99.63,11.99,"MORTGAGE",1,80000
"117",0,0,"debt_consolidation",136.87,14.08,"RENT",0,51000
"118",1,1,"credit_card",366.72,19.03,"RENT",0,54000
"119",1,1,"debt_consolidation",889.92,18.06,"MORTGAGE",0,2e+05
"120",1,1,"debt_consolidation",254.93,21.45,"MORTGAGE",0,80000
"121",1,1,"home_improvement",709.16,9.93,"OWN",1,96000
"122",0,0,"debt_consolidation",731.59,24.85,"MORTGAGE",0,4e+05
"123",0,1,"debt_consolidation",832.56,15.05,"MORTGAGE",0,95000
"124",0,0,"credit_card",555.99,11.99,"RENT",1,1e+05
"125",1,0,"home_improvement",544.87,11.99,"MORTGAGE",1,95000
"126",0,0,"credit_card",169.9,13.59,"RENT",0,25000
"127",1,1,"home_improvement",952.65,15.05,"MORTGAGE",0,60000
"128",0,0,"debt_consolidation",355.46,7.07,"MORTGAGE",1,180000
"129",1,1,"credit_card",952.65,15.05,"MORTGAGE",0,20000
"130",1,0,"debt_consolidation",257.88,9.93,"MORTGAGE",1,60000
"131",0,0,"debt_consolidation",1137.2,21.45,"MORTGAGE",0,139000
"132",1,1,"debt_consolidation",846.07,23.88,"OWN",0,48000
"133",0,0,"debt_consolidation",128.94,9.93,"MORTGAGE",1,60000
"134",1,0,"credit_card",201.07,12.62,"MORTGAGE",0,22000
"135",0,0,"debt_consolidation",461.13,13.59,"MORTGAGE",0,149000
"136",0,0,"debt_consolidation",1024.52,11.99,"MORTGAGE",1,150000
"137",1,1,"debt_consolidation",954.69,25.82,"MORTGAGE",0,33000
"138",0,1,"debt_consolidation",185.84,7.21,"MORTGAGE",1,108000
"139",1,1,"debt_consolidation",312.18,20,"RENT",0,117000
"140",0,1,"debt_consolidation",282.29,14.08,"MORTGAGE",0,206000
"141",0,0,"credit_card",185.46,7.07,"MORTGAGE",1,36000
"142",1,1,"home_improvement",315.72,28.72,"MORTGAGE",0,43350
"143",0,0,"debt_consolidation",1307.85,10.91,"OWN",1,87000
"144",1,1,"debt_consolidation",624.35,20,"RENT",0,27300
"145",1,0,"credit_card",100.54,12.62,"MORTGAGE",0,52000
"146",1,1,"credit_card",304.59,6.08,"RENT",1,50000
"147",1,0,"credit_card",165.03,19.03,"OWN",0,27700
"148",1,0,"credit_card",476.33,15.05,"MORTGAGE",0,72000
"149",0,0,"debt_consolidation",804.27,12.62,"RENT",0,95000
"150",0,0,"home_improvement",213.21,6.08,"MORTGAGE",1,65000
"151",0,0,"debt_consolidation",92.25,6.72,"MORTGAGE",1,40000
"152",1,0,"debt_consolidation",582.75,14.08,"RENT",0,106000
"153",1,1,"credit_card",332.1,11.99,"MORTGAGE",1,104000
"154",0,1,"credit_card",67.03,12.62,"MORTGAGE",0,70000
"155",0,1,"debt_consolidation",259.58,19.03,"RENT",0,27000
"156",1,0,"debt_consolidation",978.6,13.59,"MORTGAGE",0,60000
"157",0,1,"debt_consolidation",186.23,7.35,"MORTGAGE",1,120000
"158",0,0,"debt_consolidation",297.31,20,"RENT",0,67000
"159",0,0,"debt_consolidation",39.24,10.91,"RENT",1,16000
"160",1,1,"debt_consolidation",541.42,12.62,"RENT",0,58000
"161",0,1,"credit_card",262,5.32,"OWN",1,24000
"162",0,0,"credit_card",155.19,7.35,"MORTGAGE",1,56000
"163",0,1,"debt_consolidation",991.15,7.21,"MORTGAGE",1,130000
"164",0,1,"debt_consolidation",195.85,23.88,"RENT",0,23500
"165",1,1,"major_purchase",454.64,28.72,"RENT",0,21000
"166",1,1,"credit_card",520.35,15.05,"OWN",0,36000
"167",0,1,"credit_card",149.93,17.09,"RENT",0,20000
"168",0,1,"major_purchase",542.74,18.06,"MORTGAGE",0,185000
"169",0,1,"debt_consolidation",113.78,6.72,"MORTGAGE",1,60000
"170",0,0,"debt_consolidation",586.71,22.91,"MORTGAGE",0,60000
"171",0,1,"debt_consolidation",503.39,20,"RENT",0,45000
"172",0,1,"debt_consolidation",45.13,9.93,"RENT",1,20000
"173",0,0,"debt_consolidation",316.51,16.02,"RENT",0,58000
"174",1,1,"debt_consolidation",573.45,21.45,"RENT",0,75000
"175",0,0,"credit_card",129.82,7.07,"RENT",1,75000
"176",1,1,"credit_card",839.16,14.08,"MORTGAGE",0,150000
"177",0,0,"debt_consolidation",232.04,17.09,"MORTGAGE",0,130000
"178",0,1,"debt_consolidation",602.67,23.88,"RENT",0,60000
"179",1,0,"debt_consolidation",547.99,9.93,"RENT",1,72000
"180",0,1,"debt_consolidation",311.49,19.03,"RENT",0,50000
"181",1,0,"home_improvement",286.99,23.88,"MORTGAGE",0,55000
"182",1,1,"debt_consolidation",305.15,21.45,"MORTGAGE",0,33845.48
"183",0,1,"credit_card",302.37,26.3,"OWN",0,22000
"184",1,0,"credit_card",96.71,9.93,"MORTGAGE",1,30000
"185",0,1,"home_improvement",635.66,18.06,"MORTGAGE",0,120000
"186",0,1,"debt_consolidation",132.84,11.99,"OWN",1,44000
"187",0,1,"debt_consolidation",729.87,16.02,"MORTGAGE",0,42000
"188",1,1,"credit_card",960.15,9.44,"MORTGAGE",1,180000
"189",0,1,"credit_card",128.02,9.44,"MORTGAGE",1,75000
"190",1,1,"debt_consolidation",568.6,21.45,"RENT",0,50000
"191",1,0,"home_improvement",190.8,15.05,"OWN",0,42500
"192",0,1,"credit_card",73.35,19.03,"RENT",0,30000
"193",0,0,"debt_consolidation",539.26,19.03,"MORTGAGE",0,56500
"194",0,0,"credit_card",486.98,10.42,"MORTGAGE",1,64000
"195",0,1,"debt_consolidation",513.25,14.08,"RENT",0,60000
"196",1,1,"debt_consolidation",670.23,12.62,"RENT",0,160000
"197",1,1,"debt_consolidation",360.95,12.62,"MORTGAGE",0,96000
"198",1,1,"home_improvement",225.65,9.93,"MORTGAGE",1,56000
"199",1,1,"debt_consolidation",1359.16,13.59,"MORTGAGE",0,85000
"200",1,1,"debt_consolidation",513.13,23.88,"RENT",0,110000
"201",1,1,"credit_card",228.88,10.91,"RENT",1,20000
"202",1,0,"debt_consolidation",1447.31,18.06,"MORTGAGE",0,104000
"203",0,1,"debt_consolidation",527.51,16.02,"RENT",0,39000
"204",0,0,"debt_consolidation",543.33,10.42,"MORTGAGE",1,165000
"205",1,1,"credit_card",674.89,19.03,"RENT",0,80000
"206",0,1,"debt_consolidation",552.94,12.62,"OWN",0,98600
"207",1,1,"debt_consolidation",476.33,15.05,"MORTGAGE",0,58000
"208",1,0,"home_improvement",731,6.08,"OWN",1,80000
"209",0,0,"debt_consolidation",481.84,5.32,"MORTGAGE",1,110000
"210",1,0,"debt_consolidation",479.04,14.08,"RENT",0,61000
"211",1,0,"debt_consolidation",506.56,18.06,"RENT",0,50000
"212",1,1,"credit_card",798.73,7.97,"MORTGAGE",1,45000
"213",0,0,"debt_consolidation",467.83,22.91,"MORTGAGE",0,106000
"214",0,1,"debt_consolidation",102.65,14.08,"OWN",0,25000
"215",0,0,"debt_consolidation",379.07,21.45,"RENT",0,38000
"216",1,1,"debt_consolidation",148.98,7.35,"MORTGAGE",1,60000
"217",0,1,"debt_consolidation",333.43,15.05,"RENT",0,45000
"218",0,1,"debt_consolidation",237.86,13.59,"MORTGAGE",0,72000
"219",0,0,"home_improvement",752.87,5.32,"MORTGAGE",1,180000
"220",0,1,"debt_consolidation",218.92,16.02,"MORTGAGE",0,39580
"221",0,1,"debt_consolidation",285.59,17.09,"RENT",0,50000
"222",1,0,"debt_consolidation",187.94,7.97,"OWN",1,110000
"223",0,1,"debt_consolidation",222.41,14.08,"MORTGAGE",0,60000
"224",0,1,"credit_card",460.88,9.44,"OWN",1,19000
"225",0,1,"debt_consolidation",321.56,25.82,"RENT",0,57900
"226",1,0,"home_improvement",309.74,7.21,"MORTGAGE",1,130000
"227",0,1,"debt_consolidation",267.55,9.93,"MORTGAGE",1,84000
"228",1,1,"credit_card",322.13,7.21,"OWN",1,26000
"229",0,0,"debt_consolidation",326.97,10.91,"MORTGAGE",1,95370
"230",0,0,"debt_consolidation",161.18,9.93,"RENT",1,70000
"231",1,1,"debt_consolidation",1147.94,23.88,"OWN",0,130000
"232",0,1,"debt_consolidation",273.08,21.45,"MORTGAGE",0,36500
"233",1,1,"home_improvement",232.47,11.99,"MORTGAGE",1,45000
"234",1,1,"debt_consolidation",342.17,14.08,"MORTGAGE",0,40000
"235",0,0,"credit_card",64.47,9.93,"RENT",1,50000
"236",0,0,"debt_consolidation",327.69,21.45,"RENT",0,116000
"237",0,1,"credit_card",249.01,17.09,"RENT",0,30000
"238",0,1,"debt_consolidation",499.77,17.09,"MORTGAGE",0,60000
"239",0,0,"home_improvement",214.55,10.42,"OWN",1,60000
"240",0,1,"debt_consolidation",328.48,14.08,"RENT",0,88000
"241",0,1,"debt_consolidation",850.1,10.91,"MORTGAGE",1,150000
"242",0,1,"debt_consolidation",644.12,10.91,"RENT",1,115000
"243",1,1,"debt_consolidation",372.45,7.35,"MORTGAGE",1,120000
"244",1,1,"home_improvement",140.64,7.07,"MORTGAGE",1,49185
"245",1,1,"debt_consolidation",602.37,26.3,"MORTGAGE",0,82000
"246",1,0,"small_business",66.42,11.99,"RENT",1,63000
"247",0,1,"credit_card",294.27,10.91,"RENT",1,112000
"248",1,0,"debt_consolidation",220.87,13.59,"MORTGAGE",0,51000
"249",1,1,"debt_consolidation",293.37,19.03,"OWN",0,31000
"250",1,1,"debt_consolidation",599.36,26.3,"MORTGAGE",0,123000
"251",1,1,"debt_consolidation",402.64,16.02,"OWN",0,36000
"252",1,1,"major_purchase",1183.9,14.08,"RENT",0,138800
"253",0,1,"credit_card",819.22,21.45,"RENT",0,85000
"254",0,0,"debt_consolidation",101.94,13.59,"RENT",0,44000
"255",0,1,"debt_consolidation",290.85,14.08,"RENT",0,55000
"256",0,0,"debt_consolidation",338.74,11.99,"RENT",1,88000
"257",1,1,"debt_consolidation",495.58,7.21,"MORTGAGE",1,40000
"258",0,0,"credit_card",247.53,7.35,"RENT",1,60000
"259",0,1,"debt_consolidation",402.14,12.62,"RENT",0,23000
"260",1,1,"home_improvement",559.44,14.08,"RENT",0,36000
"261",1,1,"debt_consolidation",330.54,18.06,"RENT",0,98000
"262",1,0,"home_improvement",346.9,15.05,"RENT",0,115000
"263",0,1,"small_business",1252.91,7.97,"MORTGAGE",1,3e+05
"264",0,0,"debt_consolidation",389.58,10.42,"MORTGAGE",1,110000
"265",0,1,"major_purchase",1144.77,15.05,"RENT",0,210000
"266",1,1,"debt_consolidation",289.47,18.06,"MORTGAGE",0,65000
"267",1,0,"credit_card",298.92,16.02,"OWN",0,45000
"268",1,1,"debt_consolidation",366.72,19.03,"MORTGAGE",0,55000
"269",0,1,"debt_consolidation",498.02,17.09,"RENT",0,65000
"270",1,1,"debt_consolidation",208.04,9.44,"MORTGAGE",1,17000
"271",1,0,"credit_card",424.26,9.93,"RENT",1,65000
"272",1,0,"home_improvement",225.6,12.62,"MORTGAGE",0,40000
"273",0,1,"debt_consolidation",342.17,14.08,"MORTGAGE",0,39600
"274",0,0,"credit_card",111.74,7.35,"OWN",1,97000
"275",0,1,"credit_card",523.14,10.91,"RENT",1,62000
"276",1,1,"debt_consolidation",254.27,18.06,"MORTGAGE",0,45000
"277",0,1,"home_improvement",461.13,13.59,"MORTGAGE",0,2e+05
"278",1,1,"debt_consolidation",286.73,21.45,"MORTGAGE",0,22000
"279",0,1,"home_improvement",321.82,10.42,"MORTGAGE",1,49800
"280",0,0,"debt_consolidation",204.42,12.62,"MORTGAGE",0,72000
"281",1,1,"debt_consolidation",88.81,12.62,"MORTGAGE",0,55000
"282",1,0,"debt_consolidation",406.82,18.06,"MORTGAGE",0,48000
"283",1,1,"credit_card",1046.28,10.91,"MORTGAGE",1,150000
"284",0,0,"credit_card",341.34,21.45,"RENT",0,25000
"285",0,1,"debt_consolidation",354.58,9.93,"MORTGAGE",1,135000
"286",0,1,"credit_card",124.15,7.35,"RENT",1,22561
"287",1,1,"major_purchase",483.1,18.06,"RENT",0,82400
"288",1,0,"debt_consolidation",772.36,10.42,"RENT",1,95777
"289",0,1,"debt_consolidation",919.57,14.08,"RENT",0,74000
"290",1,1,"debt_consolidation",171.09,14.08,"MORTGAGE",0,47598
"291",0,0,"debt_consolidation",149.93,17.09,"MORTGAGE",0,135000
"292",0,1,"debt_consolidation",851.51,16.02,"RENT",0,80000
"293",1,1,"credit_card",955.75,21.45,"OWN",0,185000
"294",1,1,"debt_consolidation",778.99,30.17,"RENT",0,35000
"295",0,0,"credit_card",327.69,21.45,"MORTGAGE",0,161900
"296",0,0,"home_improvement",445.47,9.93,"MORTGAGE",1,70200
"297",1,1,"credit_card",577.65,13.59,"RENT",0,40000
"298",0,1,"debt_consolidation",1298.59,10.42,"MORTGAGE",1,140000
"299",0,1,"debt_consolidation",445.97,20,"RENT",0,38000
"300",0,1,"debt_consolidation",622.53,17.09,"RENT",0,95760.11
"301",0,1,"debt_consolidation",549.3,10.91,"OWN",1,70223
"302",0,1,"debt_consolidation",258.23,13.59,"OWN",0,45000
"303",1,0,"debt_consolidation",314.59,9.44,"OWN",1,90000
"304",1,0,"credit_card",166.05,11.99,"OWN",1,27000
"305",1,1,"debt_consolidation",385.96,29.69,"MORTGAGE",0,41500
"306",1,1,"debt_consolidation",541.54,9.93,"RENT",1,89000
"307",0,1,"credit_card",291.38,14.08,"RENT",0,40000
"308",0,1,"credit_card",1189.26,13.59,"MORTGAGE",0,98400
"309",1,1,"home_improvement",838.91,9.44,"MORTGAGE",1,97400
"310",1,0,"credit_card",532.49,7.97,"MORTGAGE",1,80100
"311",0,0,"debt_consolidation",261.57,10.91,"RENT",1,75000
"312",1,1,"credit_card",324.65,10.42,"MORTGAGE",1,66000
"313",0,1,"debt_consolidation",36.68,19.03,"RENT",0,32000
"314",1,1,"debt_consolidation",201.72,18.06,"RENT",0,35000
"315",0,1,"debt_consolidation",363.4,19.03,"MORTGAGE",0,55000
"316",0,1,"home_improvement",149.45,11.99,"MORTGAGE",1,88282
"317",1,1,"debt_consolidation",889.58,11.99,"RENT",1,2e+05
"318",0,0,"credit_card",469.84,7.97,"MORTGAGE",1,60000
"319",1,1,"debt_consolidation",447.51,25.82,"MORTGAGE",0,65000
"320",1,1,"credit_card",342.17,14.08,"RENT",0,60000
"321",0,1,"debt_consolidation",179.23,9.44,"MORTGAGE",1,42000
"322",1,1,"small_business",465.57,7.35,"MORTGAGE",1,60000
"323",0,1,"home_improvement",929.2,7.21,"MORTGAGE",1,175000
"324",0,0,"credit_card",246.17,16.02,"MORTGAGE",0,72000
"325",1,0,"debt_consolidation",392.36,10.91,"RENT",1,94000
"326",1,0,"debt_consolidation",608.22,16.02,"MORTGAGE",0,95000
"327",0,1,"credit_card",161.18,9.93,"MORTGAGE",1,146707
"328",0,0,"home_improvement",199.88,6.72,"MORTGAGE",1,60000
"329",1,1,"debt_consolidation",344.39,23.88,"OWN",0,45000
"330",1,1,"debt_consolidation",381.06,15.05,"RENT",0,58000
"331",1,1,"debt_consolidation",392.36,10.91,"RENT",1,41000
"332",0,0,"debt_consolidation",415.32,19.03,"MORTGAGE",0,79882.37
"333",1,1,"debt_consolidation",480.08,9.44,"RENT",1,43000
"334",0,0,"credit_card",162.33,10.42,"RENT",1,66000
"335",1,1,"debt_consolidation",189.54,21.45,"RENT",0,37500
"336",1,0,"credit_card",371.64,20,"MORTGAGE",0,274000
"337",0,0,"debt_consolidation",132.68,21.45,"RENT",0,24000
"338",1,0,"credit_card",136.87,14.08,"RENT",0,26000
"339",0,0,"credit_card",1059.76,20,"MORTGAGE",0,85000
"340",1,1,"debt_consolidation",233.75,12.62,"OWN",0,60000
"341",0,1,"debt_consolidation",225.65,9.93,"MORTGAGE",1,52445
"342",1,0,"debt_consolidation",256.81,18.06,"MORTGAGE",0,45000
"343",0,1,"debt_consolidation",110.02,19.03,"RENT",0,35000
"344",1,1,"home_improvement",74.33,20,"RENT",0,18000
"345",1,1,"debt_consolidation",1238.93,7.21,"RENT",1,129996
"346",1,0,"debt_consolidation",112.83,9.93,"RENT",1,40000
"347",1,1,"home_improvement",1136.27,10.42,"MORTGAGE",1,150000
"348",0,1,"debt_consolidation",330.88,16.02,"RENT",0,65000
"349",0,0,"debt_consolidation",674.69,17.09,"RENT",0,42000
"350",1,1,"debt_consolidation",276.68,13.59,"RENT",0,42999
"351",1,1,"debt_consolidation",1053.77,9.44,"OWN",1,365000
"352",0,1,"debt_consolidation",688.85,20,"RENT",0,52000
"353",0,0,"debt_consolidation",222.99,20,"MORTGAGE",0,76000
"354",1,0,"home_improvement",389.58,10.42,"MORTGAGE",1,98000
"355",1,1,"credit_card",293.37,19.03,"RENT",0,66000
"356",1,0,"major_purchase",80.68,19.03,"RENT",0,96000
"357",0,1,"home_improvement",629.18,9.44,"MORTGAGE",1,90000
"358",1,1,"home_improvement",1307.85,10.91,"MORTGAGE",1,240000
"359",1,1,"home_improvement",97.4,10.42,"RENT",1,28000
"360",0,1,"credit_card",80.59,9.93,"MORTGAGE",1,89000
"361",0,1,"debt_consolidation",877.91,24.85,"RENT",0,30000
"362",1,1,"debt_consolidation",256.04,9.44,"MORTGAGE",1,38000
"363",0,1,"debt_consolidation",778.38,11.99,"MORTGAGE",1,130000
"364",1,1,"credit_card",379.07,21.45,"RENT",0,275000
"365",0,1,"debt_consolidation",224.04,9.44,"MORTGAGE",1,40000
"366",1,1,"debt_consolidation",208.14,15.05,"OWN",0,46000
"367",0,1,"debt_consolidation",1149.42,30.79,"MORTGAGE",0,80100
"368",0,1,"credit_card",783.08,26.3,"MORTGAGE",0,950000
"369",1,1,"credit_card",1406.82,25.82,"MORTGAGE",0,68000
"370",0,1,"credit_card",53.14,11.99,"MORTGAGE",1,50000
"371",1,1,"major_purchase",1280.2,9.44,"MORTGAGE",1,120000
"372",1,0,"credit_card",289.47,18.06,"RENT",0,58000
"373",0,1,"credit_card",360.78,15.05,"MORTGAGE",0,92000
"374",0,0,"debt_consolidation",506.45,10.42,"MORTGAGE",1,60000
"375",1,0,"debt_consolidation",655.38,21.45,"RENT",0,1e+05
"376",1,1,"credit_card",372.96,14.08,"RENT",0,45000
"377",1,1,"debt_consolidation",73.73,12.62,"RENT",0,18000
"378",0,1,"credit_card",402.14,12.62,"MORTGAGE",0,35000
"379",1,1,"small_business",1298.59,10.42,"MORTGAGE",1,1e+05
"380",0,0,"debt_consolidation",635.66,18.06,"RENT",0,79000
"381",1,0,"credit_card",214.19,17.09,"RENT",0,55000
"382",0,1,"debt_consolidation",46.92,12.62,"RENT",0,31665.71
"383",0,1,"debt_consolidation",742.45,9.93,"MORTGAGE",1,167000
"384",1,1,"major_purchase",1004.45,23.88,"OWN",0,95000
"385",1,1,"debt_consolidation",1252.91,7.97,"RENT",1,140000
"386",1,1,"credit_card",821.2,14.08,"MORTGAGE",0,135000
"387",1,1,"debt_consolidation",373.16,26.3,"MORTGAGE",0,120000
"388",0,1,"credit_card",529.88,20,"MORTGAGE",0,54000
"389",1,0,"credit_card",372.96,14.08,"MORTGAGE",0,1e+05
"390",0,1,"credit_card",500.37,21.45,"RENT",0,56160
"391",0,1,"debt_consolidation",344.71,19.03,"RENT",0,40000
"392",0,1,"home_improvement",778.38,11.99,"MORTGAGE",1,191000
"393",0,0,"debt_consolidation",447.55,14.08,"MORTGAGE",0,10000
"394",1,1,"credit_card",138.76,15.05,"RENT",0,68000
"395",1,1,"debt_consolidation",1387.6,15.05,"MORTGAGE",0,189000
"396",1,1,"debt_consolidation",366.72,19.03,"MORTGAGE",0,30000
"397",1,0,"debt_consolidation",130.79,10.91,"RENT",1,112000
"398",1,0,"debt_consolidation",493.33,7.97,"MORTGAGE",1,75000
"399",0,0,"credit_card",259.72,10.42,"OWN",1,65000
"400",1,1,"debt_consolidation",761.52,25.82,"MORTGAGE",0,70891
"401",1,0,"credit_card",217.47,13.59,"RENT",0,22000
"402",1,0,"home_improvement",889.58,11.99,"RENT",1,110000
"403",1,1,"debt_consolidation",684.33,14.08,"MORTGAGE",0,1e+05
"404",0,0,"debt_consolidation",539.49,10.91,"RENT",1,64000
"405",1,0,"major_purchase",584.37,10.42,"RENT",1,75000
"406",1,1,"debt_consolidation",324.65,10.42,"MORTGAGE",1,89161
"407",1,1,"debt_consolidation",762.79,18.06,"MORTGAGE",0,51866
"408",0,1,"credit_card",39.57,16.02,"RENT",0,25000
"409",0,1,"credit_card",640.1,9.44,"RENT",1,82000
"410",0,1,"major_purchase",271.04,5.32,"RENT",1,150000
"411",0,1,"debt_consolidation",494,30.94,"MORTGAGE",0,55000
"412",1,0,"credit_card",261.07,14.08,"RENT",0,30940
"413",1,0,"credit_card",350.62,10.42,"RENT",1,49500
"414",0,1,"debt_consolidation",281.39,22.91,"MORTGAGE",0,4e+05
"415",0,0,"home_improvement",92.25,6.72,"MORTGAGE",1,70000
"416",1,0,"credit_card",664.2,11.99,"RENT",1,105000
"417",0,1,"debt_consolidation",313.23,7.97,"OWN",1,50000
"418",1,1,"debt_consolidation",773.26,22.91,"RENT",0,43000
"419",1,1,"debt_consolidation",498.15,11.99,"RENT",1,55000
"420",1,1,"credit_card",361.83,18.06,"MORTGAGE",0,48000
"421",1,1,"debt_consolidation",291.95,16.02,"RENT",0,93500
"422",1,1,"debt_consolidation",428.7,15.05,"OWN",0,85000
"423",0,0,"debt_consolidation",261.07,14.08,"MORTGAGE",0,57000
"424",1,1,"debt_consolidation",136.87,14.08,"OWN",0,2e+05
"425",0,1,"debt_consolidation",811.62,10.42,"RENT",1,4e+05
"426",0,1,"debt_consolidation",472,10.42,"RENT",1,82000
"427",0,1,"debt_consolidation",798.67,7.35,"MORTGAGE",1,132000
"428",1,1,"debt_consolidation",542.74,18.06,"MORTGAGE",0,65000
"429",0,0,"debt_consolidation",171.09,14.08,"MORTGAGE",0,1e+05
"430",0,0,"credit_card",440.43,9.44,"MORTGAGE",1,49000
"431",1,1,"home_improvement",139.79,16.02,"OWN",0,56000
"432",0,1,"debt_consolidation",367.3,22.91,"MORTGAGE",0,51000
"433",1,0,"home_improvement",346.9,15.05,"MORTGAGE",0,50000
"434",1,1,"debt_consolidation",148.66,20,"MORTGAGE",0,56000
"435",0,1,"debt_consolidation",535.47,17.09,"MORTGAGE",0,35000
"436",1,0,"small_business",993.2,7.35,"RENT",1,2e+05
"437",1,0,"home_improvement",884.7,12.62,"OWN",0,186000
"438",0,1,"debt_consolidation",652.42,20,"RENT",0,56000
"439",1,1,"debt_consolidation",643.8,24.85,"MORTGAGE",0,60000
"440",1,1,"debt_consolidation",343.27,10.42,"MORTGAGE",1,60000
"441",0,1,"debt_consolidation",225.37,12.62,"MORTGAGE",0,88648
"442",1,1,"debt_consolidation",277.77,24.85,"RENT",0,24000
"443",0,0,"debt_consolidation",218.82,7.35,"OWN",1,75000
"444",0,0,"debt_consolidation",947.67,21.45,"MORTGAGE",0,90000
"445",0,1,"debt_consolidation",1262.87,28.72,"MORTGAGE",0,115000
"446",0,1,"credit_card",1105.01,28.72,"MORTGAGE",0,125000
"447",0,0,"debt_consolidation",351.67,16.02,"MORTGAGE",0,95000
"448",0,1,"debt_consolidation",389.36,19.03,"MORTGAGE",0,55000
"449",0,0,"debt_consolidation",155.19,7.35,"MORTGAGE",1,60000
"450",0,1,"debt_consolidation",249.77,15.05,"OWN",0,45000
"451",1,0,"credit_card",508.53,18.06,"RENT",0,90000
"452",0,1,"debt_consolidation",324.65,10.42,"MORTGAGE",1,84492
"453",1,1,"debt_consolidation",1136.03,30.17,"RENT",0,98000
"454",0,0,"credit_card",563.81,7.97,"MORTGAGE",1,85000
"455",1,1,"home_improvement",459.18,23.88,"MORTGAGE",0,50000
"456",1,0,"debt_consolidation",520.35,15.05,"MORTGAGE",0,112000
"457",1,0,"credit_card",375.33,12.62,"MORTGAGE",0,68000
"458",0,1,"debt_consolidation",351.67,16.02,"MORTGAGE",0,84000
"459",0,0,"credit_card",372.96,14.08,"MORTGAGE",0,45000
"460",0,1,"credit_card",368.9,13.59,"MORTGAGE",0,45000
"461",0,1,"debt_consolidation",450.55,10.42,"MORTGAGE",1,82000
"462",1,1,"debt_consolidation",264.94,20,"OWN",0,31729
"463",0,0,"debt_consolidation",194.79,10.42,"OWN",1,60000
"464",0,0,"credit_card",335.12,12.62,"RENT",0,77000
"465",1,1,"debt_consolidation",587.55,23.88,"RENT",0,12000
"466",0,1,"credit_card",340.01,7.07,"OWN",1,74000
"467",1,0,"debt_consolidation",140.67,16.02,"MORTGAGE",0,44000
"468",1,1,"credit_card",570.85,13.59,"MORTGAGE",0,14500
"469",1,0,"debt_consolidation",563.98,12.62,"MORTGAGE",0,48000
"470",0,1,"credit_card",563.98,12.62,"MORTGAGE",0,65000
"471",0,1,"credit_card",257.46,10.42,"MORTGAGE",1,85000
"472",0,1,"credit_card",173.04,7.35,"RENT",1,68000
"473",0,1,"debt_consolidation",268.09,12.62,"RENT",0,90000
"474",0,1,"debt_consolidation",636.38,9.93,"RENT",1,104000
"475",1,1,"debt_consolidation",535.47,17.09,"OWN",0,74000
"476",1,1,"debt_consolidation",1019.37,13.59,"MORTGAGE",0,69200
"477",0,0,"credit_card",92.92,7.21,"MORTGAGE",1,95000
"478",1,1,"debt_consolidation",762.79,18.06,"MORTGAGE",0,85000
"479",0,1,"debt_consolidation",500.14,15.05,"RENT",0,182000
"480",0,1,"debt_consolidation",815.85,14.08,"RENT",0,322192
"481",0,1,"home_improvement",298.34,25.82,"MORTGAGE",0,60000
"482",1,0,"credit_card",489.3,13.59,"RENT",0,40000
"483",0,0,"debt_consolidation",212.13,9.93,"MORTGAGE",1,175000
"484",0,1,"debt_consolidation",835.36,25.82,"RENT",0,57000
"485",0,0,"debt_consolidation",233.1,14.08,"MORTGAGE",0,84000
"486",1,1,"credit_card",726.8,19.03,"MORTGAGE",0,105000
"487",1,0,"debt_consolidation",535.24,16.02,"RENT",0,52000
"488",1,1,"small_business",624.42,15.05,"RENT",0,45000
"489",1,1,"debt_consolidation",932.39,14.08,"MORTGAGE",0,120000
"490",0,1,"home_improvement",304.59,6.08,"MORTGAGE",1,42000
"491",0,0,"debt_consolidation",855.42,14.08,"MORTGAGE",0,68000
"492",0,0,"debt_consolidation",867.25,15.05,"MORTGAGE",0,98000
"493",1,1,"debt_consolidation",558.68,7.35,"MORTGAGE",1,54000
"494",0,1,"debt_consolidation",438.96,24.85,"MORTGAGE",0,92000
"495",0,1,"debt_consolidation",858.18,10.42,"MORTGAGE",1,180000
"496",1,0,"debt_consolidation",903.55,26.3,"MORTGAGE",0,67000
"497",0,1,"debt_consolidation",951.41,13.59,"MORTGAGE",0,100666
"498",1,1,"home_improvement",136.36,10.42,"OWN",1,42000
"499",1,0,"home_improvement",498.02,17.09,"OWN",0,60000
"500",0,0,"debt_consolidation",868.39,18.06,"RENT",0,120000
"501",0,1,"debt_consolidation",451.73,5.32,"MORTGAGE",1,63000
"502",0,1,"debt_consolidation",678.85,22.91,"OWN",0,120000
"503",1,1,"debt_consolidation",281.34,16.02,"MORTGAGE",0,120000
"504",0,0,"credit_card",183.36,19.03,"RENT",0,62000
"505",0,1,"credit_card",710.91,7.07,"MORTGAGE",1,1e+05
"506",0,1,"debt_consolidation",113.72,21.45,"MORTGAGE",0,38824
"507",0,1,"credit_card",973.15,16.02,"MORTGAGE",0,85000
"508",1,1,"debt_consolidation",158.73,24.85,"MORTGAGE",0,64000
"509",0,0,"credit_card",125.3,7.97,"MORTGAGE",1,50000
"510",0,1,"debt_consolidation",947.15,28.72,"RENT",0,94500
"511",1,1,"debt_consolidation",510.91,16.02,"MORTGAGE",0,56000
"512",0,1,"credit_card",1084.14,5.32,"MORTGAGE",1,750000
"513",1,1,"debt_consolidation",492.72,14.08,"RENT",0,73000
"514",1,1,"credit_card",381.06,15.05,"MORTGAGE",0,215000
"515",1,1,"debt_consolidation",529.88,20,"RENT",0,43000
"516",0,1,"debt_consolidation",206.3,9.93,"RENT",1,60000
"517",0,0,"credit_card",173.68,18.06,"RENT",0,32240
"518",0,0,"debt_consolidation",271.84,13.59,"RENT",0,50000
"519",0,0,"debt_consolidation",155.46,30.79,"RENT",0,24960
"520",1,1,"debt_consolidation",1501.96,30.84,"MORTGAGE",0,160000
"521",1,1,"credit_card",332.1,11.99,"MORTGAGE",1,50000
"522",1,1,"debt_consolidation",738.51,16.02,"RENT",0,140000
"523",1,0,"debt_consolidation",909.82,30.75,"MORTGAGE",0,73000
"524",0,1,"debt_consolidation",398.52,11.99,"RENT",1,55000
"525",0,0,"credit_card",259.72,10.42,"RENT",1,81000
"526",1,1,"debt_consolidation",599.43,20,"MORTGAGE",0,59424
"527",0,1,"credit_card",212.75,9.93,"RENT",1,46800
"528",0,1,"credit_card",265.68,11.99,"RENT",1,40000
"529",0,1,"credit_card",448.07,9.44,"RENT",1,65000
"530",0,1,"debt_consolidation",809.02,26.3,"OWN",0,34800
"531",1,1,"home_improvement",344.72,11.99,"MORTGAGE",1,75000
"532",1,0,"debt_consolidation",1218.33,6.08,"MORTGAGE",1,69400
"533",0,0,"debt_consolidation",175.84,16.02,"MORTGAGE",0,120000
"534",1,1,"debt_consolidation",693.8,15.05,"RENT",0,70000
"535",0,0,"major_purchase",490.45,10.91,"MORTGAGE",1,1e+05
"536",0,1,"debt_consolidation",815.5,13.59,"OWN",0,82000
"537",0,1,"home_improvement",902.37,12.62,"MORTGAGE",0,57000
"538",1,0,"debt_consolidation",225.65,9.93,"RENT",1,80000
"539",1,1,"home_improvement",183.36,19.03,"MORTGAGE",0,82000
"540",1,1,"credit_card",546.15,21.45,"RENT",0,70000
"541",1,1,"debt_consolidation",721.89,12.62,"OWN",0,199000
"542",1,1,"credit_card",238.68,10.91,"RENT",1,70000
"543",0,1,"debt_consolidation",298.34,25.82,"MORTGAGE",0,65000
"544",0,1,"debt_consolidation",871.54,17.09,"MORTGAGE",0,80500
"545",1,1,"home_improvement",1017.05,18.06,"RENT",0,56000
"546",0,0,"debt_consolidation",95.15,13.59,"MORTGAGE",0,51000
"547",0,1,"home_improvement",437.92,16.02,"MORTGAGE",0,85000
"548",0,1,"debt_consolidation",643.68,30.79,"MORTGAGE",0,125000
"549",0,1,"debt_consolidation",496.3,12.62,"RENT",0,90000
"550",0,0,"home_improvement",265.68,11.99,"OWN",1,90000
"551",1,1,"debt_consolidation",573.97,23.88,"MORTGAGE",0,40000
"552",0,1,"home_improvement",789.57,12.62,"MORTGAGE",0,90000
"553",0,0,"debt_consolidation",729.87,16.02,"OWN",0,98000
"554",1,1,"debt_consolidation",320.05,9.44,"MORTGAGE",1,110000
"555",0,1,"debt_consolidation",248.3,7.35,"RENT",1,38000
"556",0,1,"credit_card",485.66,15.05,"MORTGAGE",0,62000
"557",0,0,"credit_card",346.9,7.21,"MORTGAGE",1,79600
"558",0,1,"debt_consolidation",124.15,7.35,"OWN",1,31000
"559",1,1,"debt_consolidation",626.46,7.97,"OWN",1,47000
"560",1,1,"debt_consolidation",792.1,19.03,"RENT",0,60000
"561",1,0,"debt_consolidation",346.9,15.05,"MORTGAGE",0,60000
"562",0,0,"credit_card",74.49,7.35,"MORTGAGE",1,58000
"563",1,1,"debt_consolidation",178.49,17.09,"MORTGAGE",0,120000
"564",1,1,"debt_consolidation",847.81,20,"MORTGAGE",0,80000
"565",1,1,"major_purchase",105.51,16.02,"RENT",0,26000
"566",0,0,"credit_card",320.05,9.44,"RENT",1,85000
"567",0,0,"major_purchase",248.3,7.35,"RENT",1,78000
"568",1,1,"debt_consolidation",494.12,7.97,"RENT",1,52000
"569",0,0,"debt_consolidation",232.09,9.93,"MORTGAGE",1,82000
"570",1,1,"home_improvement",182.66,11.99,"MORTGAGE",1,56000
"571",0,1,"credit_card",382.3,21.45,"MORTGAGE",0,3e+05
"572",1,1,"debt_consolidation",303.26,21.45,"RENT",0,44000
"573",1,1,"credit_card",203.88,13.59,"RENT",0,60000
"574",1,1,"major_purchase",464.6,7.21,"RENT",1,90000
"575",0,1,"debt_consolidation",1177.68,30.75,"RENT",0,190000
"576",1,1,"debt_consolidation",546.15,21.45,"OWN",0,48294
"577",0,0,"debt_consolidation",241.29,12.62,"MORTGAGE",0,55000
"578",1,1,"debt_consolidation",379,12.62,"MORTGAGE",0,68000
"579",1,1,"credit_card",128.94,9.93,"MORTGAGE",1,95000
"580",0,0,"debt_consolidation",557.52,7.21,"MORTGAGE",1,80000
"581",0,1,"credit_card",254.85,13.59,"MORTGAGE",0,40000
"582",0,1,"debt_consolidation",148.66,20,"OWN",0,84750
"583",0,1,"credit_card",783.4,23.88,"OWN",0,45790
"584",0,0,"home_improvement",183.9,7.35,"MORTGAGE",1,63400
"585",1,1,"debt_consolidation",1170.54,24.85,"MORTGAGE",0,3e+05
"586",0,1,"credit_card",155.19,7.35,"MORTGAGE",1,65000
"587",1,0,"credit_card",222.4,11.99,"MORTGAGE",1,41000
"588",0,1,"debt_consolidation",1096.29,7.97,"RENT",1,135000
"589",1,0,"credit_card",440.43,9.44,"MORTGAGE",1,95000
"590",1,1,"small_business",175.84,16.02,"RENT",0,23000
"591",1,1,"home_improvement",693.8,15.05,"MORTGAGE",0,85000
"592",0,1,"major_purchase",196.8,6.72,"RENT",1,92000
"593",0,1,"debt_consolidation",486.98,10.42,"MORTGAGE",1,84334.9
"594",0,1,"debt_consolidation",622.97,19.03,"RENT",0,123000
"595",1,1,"home_improvement",720.42,7.97,"MORTGAGE",1,240000
"596",0,0,"debt_consolidation",356.98,17.09,"RENT",0,45000
"597",0,1,"debt_consolidation",184.34,13.59,"MORTGAGE",0,102000
"598",0,1,"credit_card",144.03,9.44,"OWN",1,47235.72
"599",0,0,"credit_card",167.56,12.62,"RENT",0,15528
"600",1,0,"debt_consolidation",619.47,7.21,"MORTGAGE",1,145000
"601",1,1,"debt_consolidation",571.59,15.05,"MORTGAGE",0,86000
"602",1,1,"debt_consolidation",260.72,7.35,"MORTGAGE",1,79000
"603",0,0,"home_improvement",160.03,9.44,"MORTGAGE",1,75000
"604",1,0,"debt_consolidation",609.17,6.08,"MORTGAGE",1,41275
"605",1,0,"credit_card",90.35,5.32,"RENT",1,58000
"606",1,1,"major_purchase",927.29,20,"RENT",0,95513
"607",1,1,"credit_card",830.63,19.03,"MORTGAGE",0,185000
"608",0,0,"home_improvement",184.5,6.72,"MORTGAGE",1,70000
"609",0,1,"major_purchase",342.17,14.08,"MORTGAGE",0,65000
"610",1,1,"debt_consolidation",248.15,12.62,"MORTGAGE",0,60000
"611",1,0,"debt_consolidation",432.73,7.07,"MORTGAGE",1,40000
"612",1,0,"credit_card",218.99,14.08,"MORTGAGE",0,50000
"613",0,1,"debt_consolidation",584.37,10.42,"RENT",1,58000
"614",0,1,"debt_consolidation",267.58,20,"RENT",0,38000
"615",0,0,"debt_consolidation",89.25,17.09,"RENT",0,36000
"616",1,0,"debt_consolidation",351.67,16.02,"MORTGAGE",0,120000
"617",1,1,"debt_consolidation",1205.85,25.82,"MORTGAGE",0,120000
"618",1,0,"debt_consolidation",784.67,30.17,"RENT",0,61000
"619",1,0,"debt_consolidation",873.83,21.45,"RENT",0,30000
"620",1,1,"credit_card",773.63,9.93,"RENT",1,120000
"621",0,0,"debt_consolidation",927.29,20,"MORTGAGE",0,95000
"622",1,1,"debt_consolidation",955.75,21.45,"MORTGAGE",0,112000
"623",0,0,"credit_card",279.72,14.08,"RENT",0,40000
"624",1,0,"debt_consolidation",321.17,24.85,"RENT",0,30516
"625",0,0,"debt_consolidation",452.29,18.06,"RENT",0,95000
"626",0,1,"debt_consolidation",811.45,30.17,"MORTGAGE",0,354000
"627",0,1,"debt_consolidation",61.17,13.59,"RENT",0,44000
"628",0,0,"debt_consolidation",950.39,16.02,"MORTGAGE",0,2e+05
"629",1,1,"debt_consolidation",376.39,14.08,"RENT",0,25000
"630",0,1,"debt_consolidation",430.48,23.88,"MORTGAGE",0,44870
"631",1,1,"credit_card",1044.19,25.82,"OWN",0,1e+05
"632",0,1,"debt_consolidation",270.71,12.62,"MORTGAGE",0,60000
"633",0,1,"credit_card",163.49,10.91,"MORTGAGE",1,60000
"634",1,0,"debt_consolidation",686.54,10.42,"OWN",1,78000
"635",0,0,"debt_consolidation",320.05,9.44,"RENT",1,55000
"636",0,1,"credit_card",531.36,11.99,"MORTGAGE",1,105000
"637",0,0,"credit_card",916.78,19.03,"RENT",0,55000
"638",1,1,"debt_consolidation",762.79,18.06,"OWN",0,180000
"639",1,0,"debt_consolidation",476.33,15.05,"MORTGAGE",0,72000
"640",1,1,"home_improvement",171.09,14.08,"OWN",0,120000
"641",1,1,"debt_consolidation",292.64,24.85,"RENT",0,69600
"642",0,0,"debt_consolidation",496.31,16.02,"OWN",0,62000
"643",1,1,"debt_consolidation",717.46,23.88,"RENT",0,27000
"644",0,0,"home_improvement",271.84,13.59,"MORTGAGE",0,90000
"645",1,1,"credit_card",635.86,20,"OWN",0,44000
"646",0,1,"debt_consolidation",459.18,23.88,"MORTGAGE",0,1e+05
"647",1,1,"debt_consolidation",212.65,22.91,"OWN",0,24000
"648",0,0,"debt_consolidation",335.33,14.08,"RENT",0,37000
"649",0,0,"debt_consolidation",795.27,15.05,"MORTGAGE",0,71000
"650",0,1,"debt_consolidation",99.63,11.99,"MORTGAGE",1,18000
"651",0,0,"credit_card",108.19,7.07,"RENT",1,51000
"652",0,1,"credit_card",342.17,14.08,"RENT",0,43000
"653",0,0,"home_improvement",324.65,10.42,"MORTGAGE",1,165000
"654",0,0,"debt_consolidation",64.58,6.72,"MORTGAGE",1,45000
"655",0,0,"debt_consolidation",154.87,7.21,"MORTGAGE",1,69600
"656",1,0,"debt_consolidation",141.02,23.88,"OWN",0,50000
"657",0,1,"credit_card",812.13,12.62,"RENT",0,90000
"658",1,1,"home_improvement",400.12,15.05,"OWN",0,250000
"659",0,1,"home_improvement",465.57,7.35,"MORTGAGE",1,48000
"660",1,1,"debt_consolidation",243.29,16.02,"OWN",0,80000
"661",0,0,"debt_consolidation",407.75,13.59,"OWN",0,65000
"662",1,1,"debt_consolidation",1307.85,10.91,"RENT",1,209000
"663",1,1,"debt_consolidation",353.61,28.72,"MORTGAGE",0,47000
"664",0,1,"credit_card",142.8,17.09,"MORTGAGE",0,86246
"665",0,0,"debt_consolidation",134.05,12.62,"MORTGAGE",0,95000
"666",0,0,"credit_card",464.6,7.21,"OWN",1,80000
"667",0,0,"home_improvement",734.04,9.44,"MORTGAGE",1,176000
"668",0,1,"debt_consolidation",324.65,10.42,"RENT",1,65000
"669",1,1,"home_improvement",169.9,13.59,"OWN",0,65000
"670",0,1,"debt_consolidation",396.06,26.3,"RENT",0,69000
"671",0,1,"debt_consolidation",955.75,21.45,"RENT",0,80000
"672",1,1,"debt_consolidation",404.88,15.05,"MORTGAGE",0,68496.2
"673",0,1,"debt_consolidation",584.25,30.17,"MORTGAGE",0,65000
"674",0,0,"debt_consolidation",728.49,15.05,"MORTGAGE",0,75000
"675",0,1,"credit_card",304.59,6.08,"MORTGAGE",1,50000
"676",1,0,"credit_card",620.75,7.35,"MORTGAGE",1,145000
"677",1,1,"debt_consolidation",171.09,14.08,"OWN",0,54000
"678",0,0,"debt_consolidation",351.67,16.02,"MORTGAGE",0,60000
"679",0,1,"debt_consolidation",301.15,5.32,"MORTGAGE",1,1e+05
"680",1,1,"debt_consolidation",806.97,13.59,"MORTGAGE",0,45000
"681",0,0,"debt_consolidation",251.34,12.62,"MORTGAGE",0,90000
"682",0,0,"debt_consolidation",273.13,7.35,"RENT",1,70000
"683",1,0,"debt_consolidation",128.94,9.93,"RENT",1,42000
"684",1,1,"debt_consolidation",550.07,19.03,"RENT",0,29000
"685",1,0,"debt_consolidation",309.1,7.07,"RENT",1,105000
"686",1,0,"debt_consolidation",339.79,13.59,"RENT",0,95000
"687",1,0,"credit_card",155.84,10.42,"MORTGAGE",1,48000
"688",1,0,"debt_consolidation",490.45,10.91,"RENT",1,50000
"689",0,0,"debt_consolidation",343.31,10.91,"RENT",1,1e+05
"690",0,0,"credit_card",523.14,10.91,"RENT",1,255000
"691",1,0,"credit_card",1072.36,12.62,"RENT",0,67000
"692",1,1,"debt_consolidation",703.34,16.02,"MORTGAGE",0,53000
"693",1,1,"debt_consolidation",253.28,18.06,"RENT",0,30000
"694",0,0,"debt_consolidation",591.2,21.45,"MORTGAGE",0,65000
"695",1,0,"credit_card",187.94,7.97,"MORTGAGE",1,75000
"696",1,1,"debt_consolidation",550.75,6.72,"MORTGAGE",1,65000
"697",0,1,"debt_consolidation",594.63,13.59,"MORTGAGE",0,55000
"698",1,1,"debt_consolidation",693.8,15.05,"RENT",0,110000
"699",1,1,"credit_card",572.73,17.09,"RENT",0,73000
"700",0,1,"home_improvement",1062.71,11.99,"MORTGAGE",1,60000
"701",0,1,"debt_consolidation",480.08,9.44,"MORTGAGE",1,150000
"702",1,1,"debt_consolidation",220.72,18.06,"MORTGAGE",0,35000
"703",0,1,"debt_consolidation",1230.85,16.02,"MORTGAGE",0,97000
"704",0,0,"debt_consolidation",498.15,11.99,"MORTGAGE",1,52000
"705",0,1,"debt_consolidation",741.83,20,"MORTGAGE",0,130000
"706",1,1,"credit_card",533.75,11.99,"MORTGAGE",1,89000
"707",0,1,"home_improvement",703.34,16.02,"MORTGAGE",0,32000
"708",1,1,"debt_consolidation",392.36,10.91,"RENT",1,80000
"709",1,0,"debt_consolidation",332.1,11.99,"MORTGAGE",1,110000
"710",0,1,"debt_consolidation",373.52,17.09,"MORTGAGE",0,75000
"711",0,1,"major_purchase",92.91,20,"RENT",0,72000
"712",0,1,"home_improvement",332.01,13.59,"MORTGAGE",0,3e+05
"713",1,1,"debt_consolidation",914.25,29.69,"RENT",0,120000
"714",1,1,"home_improvement",324.65,10.42,"RENT",1,80000
"715",1,1,"debt_consolidation",803.56,23.88,"RENT",0,52000
"716",1,1,"debt_consolidation",305.4,7.97,"RENT",1,40000
"717",0,1,"home_improvement",176.03,9.44,"MORTGAGE",1,78300
"718",0,0,"debt_consolidation",309.74,7.21,"MORTGAGE",1,75000
"719",0,1,"debt_consolidation",505.8,22.91,"RENT",0,99840
"720",1,1,"debt_consolidation",535.47,17.09,"RENT",0,60000
"721",0,1,"credit_card",249.09,11.99,"MORTGAGE",1,99000
"722",1,1,"debt_consolidation",120.65,12.62,"RENT",0,62000
"723",1,1,"debt_consolidation",413.46,7.97,"MORTGAGE",1,36000
"724",0,0,"home_improvement",314.59,9.44,"OWN",1,42000
"725",1,0,"debt_consolidation",1218.33,6.08,"MORTGAGE",1,105000
"726",0,1,"debt_consolidation",520.35,15.05,"MORTGAGE",0,55000
"727",0,1,"debt_consolidation",159.41,11.99,"MORTGAGE",1,10776
"728",1,1,"debt_consolidation",1004.87,25.82,"MORTGAGE",0,150000
"729",0,1,"debt_consolidation",251.68,9.44,"RENT",1,68000
"730",0,0,"debt_consolidation",246.44,9.44,"MORTGAGE",1,65000
"731",1,1,"debt_consolidation",903.45,5.32,"MORTGAGE",1,165000
"732",1,1,"credit_card",630.99,11.99,"RENT",1,78000
"733",1,1,"debt_consolidation",498.02,17.09,"MORTGAGE",0,100292
"734",0,1,"debt_consolidation",397.41,20,"MORTGAGE",0,125000
"735",0,1,"debt_consolidation",428.38,17.09,"RENT",0,155000
"736",1,0,"debt_consolidation",668.95,20,"RENT",0,20000
"737",0,1,"credit_card",389.34,25.82,"OWN",0,31500
"738",1,1,"debt_consolidation",955.75,21.45,"RENT",0,60000
"739",1,0,"debt_consolidation",180.92,18.06,"MORTGAGE",0,64000
"740",1,0,"small_business",140.96,7.97,"RENT",1,75000
"741",0,0,"debt_consolidation",153.75,6.72,"MORTGAGE",1,40000
"742",1,1,"debt_consolidation",871.54,17.09,"RENT",0,160000
"743",0,0,"credit_card",186.23,7.35,"OWN",1,65000
"744",0,0,"debt_consolidation",217.47,13.59,"RENT",0,37000
"745",0,1,"small_business",160.03,9.44,"RENT",1,110000
"746",0,1,"debt_consolidation",430.49,6.72,"MORTGAGE",1,82000
"747",1,0,"debt_consolidation",126.63,22.91,"MORTGAGE",0,29000
"748",1,1,"debt_consolidation",399.82,17.09,"MORTGAGE",0,90000
"749",0,1,"debt_consolidation",714.49,15.05,"RENT",0,1200000
"750",0,0,"debt_consolidation",335.12,12.62,"OWN",0,1e+05
"751",1,1,"debt_consolidation",361.42,26.3,"RENT",0,60000
"752",0,0,"debt_consolidation",365.5,6.08,"MORTGAGE",1,95000
"753",0,1,"debt_consolidation",238.17,15.05,"MORTGAGE",0,1e+05
"754",1,1,"debt_consolidation",1026.5,14.08,"RENT",0,215000
"755",0,1,"debt_consolidation",502.23,23.88,"OWN",0,55000
"756",0,1,"debt_consolidation",372.96,14.08,"MORTGAGE",0,93000
"757",1,1,"debt_consolidation",395.31,17.09,"RENT",0,60000
"758",1,1,"debt_consolidation",160.64,17.09,"RENT",0,60000
"759",0,0,"debt_consolidation",631.66,12.62,"OWN",0,120000
"760",1,1,"credit_card",307.25,9.44,"RENT",1,45000
"761",1,1,"debt_consolidation",648.93,19.03,"MORTGAGE",0,63000
"762",1,0,"debt_consolidation",305.81,13.59,"RENT",0,87500
"763",1,1,"home_improvement",1502.92,30.89,"MORTGAGE",0,90420
"764",1,1,"debt_consolidation",693.8,15.05,"MORTGAGE",0,1e+05
"765",0,0,"credit_card",1197.58,14.08,"RENT",0,250000
"766",1,1,"credit_card",960.66,25.82,"MORTGAGE",0,73200
"767",1,1,"credit_card",796.84,17.09,"MORTGAGE",0,90000
"768",0,0,"credit_card",185.84,7.21,"RENT",1,60000
"769",1,0,"credit_card",498.02,17.09,"RENT",0,150000
"770",0,1,"debt_consolidation",140.67,16.02,"MORTGAGE",0,60000
"771",1,1,"credit_card",563.98,12.62,"RENT",0,64000
"772",0,1,"debt_consolidation",806.97,13.59,"RENT",0,115000
"773",0,1,"home_improvement",199.26,11.99,"MORTGAGE",1,55000
"774",1,1,"home_improvement",273.08,21.45,"MORTGAGE",0,74880
"775",1,1,"debt_consolidation",576.18,21.45,"OWN",0,58000
"776",0,1,"home_improvement",429.09,10.42,"RENT",1,65000
"777",1,1,"debt_consolidation",1157.85,18.06,"RENT",0,198000
"778",0,1,"debt_consolidation",250.59,7.97,"MORTGAGE",1,85000
"779",0,0,"debt_consolidation",295.41,16.02,"RENT",0,73560
"780",1,0,"debt_consolidation",222.34,10.91,"RENT",1,49500
"781",0,0,"debt_consolidation",137.44,17.09,"RENT",0,32000
"782",0,1,"credit_card",188.2,14.08,"RENT",0,41919
"783",1,0,"debt_consolidation",70.56,18.06,"OWN",0,28000
"784",0,1,"debt_consolidation",301.61,12.62,"OWN",0,55000
"785",1,1,"home_improvement",855.42,14.08,"MORTGAGE",0,74000
"786",1,1,"home_improvement",326.97,10.91,"OWN",1,38000
"787",0,0,"debt_consolidation",447.27,9.44,"RENT",1,47000
"788",1,0,"debt_consolidation",588.17,16.02,"OWN",0,62000
"789",1,1,"debt_consolidation",314.82,15.05,"MORTGAGE",0,50000
"790",1,1,"major_purchase",903.55,26.3,"RENT",0,61000
"791",0,0,"debt_consolidation",271.84,13.59,"RENT",0,70000
"792",0,1,"debt_consolidation",451.73,5.32,"MORTGAGE",1,65000
"793",0,0,"debt_consolidation",214.19,17.09,"OWN",0,36000
"794",0,1,"debt_consolidation",109.5,14.08,"MORTGAGE",0,42500
"795",0,0,"home_improvement",328.48,14.08,"RENT",0,55000
"796",1,0,"debt_consolidation",142.8,17.09,"RENT",0,61000
"797",0,1,"debt_consolidation",195.61,10.42,"MORTGAGE",1,105000
"798",1,0,"debt_consolidation",626.46,7.97,"RENT",1,75000
"799",1,1,"credit_card",461.13,13.59,"MORTGAGE",0,98000
"800",0,1,"home_improvement",128.94,9.93,"MORTGAGE",1,70000
"801",1,1,"debt_consolidation",391.54,26.3,"MORTGAGE",0,48000
"802",0,1,"home_improvement",332.1,11.99,"MORTGAGE",1,68000
"803",1,1,"debt_consolidation",651.75,20,"MORTGAGE",0,60000
"804",0,0,"home_improvement",290.11,9.93,"MORTGAGE",1,120000
"805",1,1,"credit_card",428.38,17.09,"OWN",0,120000
"806",0,1,"home_improvement",41.91,9.93,"MORTGAGE",1,57000
"807",0,0,"debt_consolidation",660.09,19.03,"RENT",0,3e+05
"808",1,1,"debt_consolidation",289.47,18.06,"RENT",0,55000
"809",1,0,"debt_consolidation",258.9,6.08,"MORTGAGE",1,68000
"810",0,1,"debt_consolidation",332.86,9.44,"OWN",1,54000
"811",1,0,"debt_consolidation",751.75,7.97,"RENT",1,60000
"812",1,0,"debt_consolidation",635.86,20,"RENT",0,45000
"813",1,1,"debt_consolidation",502.67,12.62,"RENT",0,30000
"814",1,1,"major_purchase",175.84,16.02,"RENT",0,138000
"815",1,0,"debt_consolidation",655.08,30.65,"RENT",0,64000
"816",0,1,"debt_consolidation",716.91,9.44,"MORTGAGE",1,90000
"817",0,1,"debt_consolidation",199.88,6.72,"MORTGAGE",1,83000
"818",0,0,"home_improvement",46.99,7.97,"OWN",1,110000
"819",0,0,"debt_consolidation",327.69,21.45,"RENT",0,50000
"820",0,1,"home_improvement",166.52,15.05,"MORTGAGE",0,78000
"821",0,0,"debt_consolidation",251.68,9.44,"MORTGAGE",1,120000
"822",0,1,"credit_card",527.51,16.02,"RENT",0,217000
"823",0,0,"home_improvement",620.75,7.35,"MORTGAGE",1,52000
"824",0,0,"debt_consolidation",273.74,14.08,"RENT",0,48300
"825",1,0,"debt_consolidation",249.37,19.03,"RENT",0,42000
"826",1,1,"debt_consolidation",135.92,13.59,"OWN",0,30000
"827",1,1,"debt_consolidation",973.15,16.02,"MORTGAGE",0,2e+05
"828",0,0,"debt_consolidation",80.59,9.93,"RENT",1,63000
"829",1,1,"credit_card",457.75,10.91,"RENT",1,65000
"830",1,1,"major_purchase",813.64,18.06,"OWN",0,110000
"831",0,0,"home_improvement",448.07,9.44,"OWN",1,140000
"832",1,1,"debt_consolidation",855.42,14.08,"RENT",0,89000
"833",1,0,"debt_consolidation",193.32,22.91,"RENT",0,65000
"834",1,1,"debt_consolidation",259.72,10.42,"RENT",1,40000
"835",1,1,"home_improvement",830.63,19.03,"MORTGAGE",0,80000
"836",0,0,"small_business",237.86,13.59,"RENT",0,50000
"837",0,1,"debt_consolidation",238.17,15.05,"MORTGAGE",0,45760
"838",1,1,"debt_consolidation",400.39,19.03,"MORTGAGE",0,104000
"839",1,0,"credit_card",626.46,7.97,"MORTGAGE",1,80000
"840",1,1,"debt_consolidation",611.68,21.45,"RENT",0,60000
"841",0,1,"debt_consolidation",266.88,11.99,"MORTGAGE",1,92560
"842",0,0,"debt_consolidation",256.04,9.44,"MORTGAGE",1,60000
"843",1,1,"debt_consolidation",171.35,17.09,"MORTGAGE",0,80000
"844",1,1,"major_purchase",421.96,30.17,"RENT",0,39040
"845",0,0,"debt_consolidation",212.13,9.93,"OWN",1,84000
"846",0,1,"credit_card",355.03,25.82,"MORTGAGE",0,42000
"847",1,1,"debt_consolidation",379.07,21.45,"MORTGAGE",0,29000
"848",0,0,"major_purchase",180.69,5.32,"MORTGAGE",1,69000
"849",1,0,"debt_consolidation",633.01,16.02,"OWN",0,150000
"850",0,1,"debt_consolidation",1328.39,11.99,"OWN",1,60000
"851",1,0,"credit_card",169.9,13.59,"MORTGAGE",0,90000
"852",1,1,"home_improvement",142.8,17.09,"OWN",0,70000
"853",0,0,"debt_consolidation",379.07,21.45,"RENT",0,68727
"854",0,1,"debt_consolidation",38.67,22.91,"OWN",0,55000
"855",1,1,"debt_consolidation",234.58,12.62,"RENT",0,50000
"856",0,0,"debt_consolidation",973.15,16.02,"RENT",0,50000
"857",0,1,"debt_consolidation",603.56,24.85,"OWN",0,89164
"858",0,1,"debt_consolidation",531.36,11.99,"RENT",1,65000
"859",1,0,"debt_consolidation",587.56,21.45,"MORTGAGE",0,105000
"860",0,1,"debt_consolidation",428.38,17.09,"MORTGAGE",0,24756
"861",0,0,"debt_consolidation",277.52,15.05,"RENT",0,70000
"862",1,0,"debt_consolidation",573.97,23.88,"MORTGAGE",0,21840
"863",0,0,"credit_card",318.74,17.09,"RENT",0,78000
"864",0,1,"debt_consolidation",350.2,12.62,"OWN",0,50000
"865",1,0,"credit_card",322.35,9.93,"RENT",1,35000
"866",0,1,"debt_consolidation",256.7,19.03,"RENT",0,25189
"867",1,0,"debt_consolidation",476.33,15.05,"MORTGAGE",0,50006
"868",1,1,"debt_consolidation",691.59,18.06,"MORTGAGE",0,82250
"869",0,0,"debt_consolidation",144.03,9.44,"MORTGAGE",1,67500
"870",1,0,"debt_consolidation",271.84,13.59,"RENT",0,59000
"871",0,1,"debt_consolidation",684.33,14.08,"MORTGAGE",0,80000
"872",0,1,"credit_card",510.91,16.02,"RENT",0,70000
"873",0,0,"home_improvement",297.35,7.21,"MORTGAGE",1,232000
"874",0,1,"debt_consolidation",428.38,17.09,"RENT",0,35000
"875",1,0,"debt_consolidation",1503.89,30.94,"RENT",0,10000
"876",0,0,"debt_consolidation",104.07,15.05,"MORTGAGE",0,36000
"877",0,1,"debt_consolidation",927.28,7.07,"MORTGAGE",1,124432
"878",1,1,"debt_consolidation",849.48,13.59,"MORTGAGE",0,145000
"879",1,1,"debt_consolidation",837.79,12.62,"MORTGAGE",0,118000
"880",0,0,"credit_card",424.26,9.93,"MORTGAGE",1,70000
"881",0,0,"home_improvement",465.57,7.35,"MORTGAGE",1,63000
"882",0,1,"home_improvement",130.09,7.21,"MORTGAGE",1,31000
"883",0,1,"credit_card",644.69,9.93,"OWN",1,45000
"884",0,0,"credit_card",162.33,10.42,"RENT",1,68500
"885",1,1,"credit_card",111.24,26.3,"OWN",0,30000
"886",0,1,"debt_consolidation",209.53,9.93,"RENT",1,25000
"887",1,1,"debt_consolidation",451.78,26.3,"MORTGAGE",0,107500
"888",0,0,"debt_consolidation",326.97,10.91,"RENT",1,70000
"889",1,1,"debt_consolidation",583.89,16.02,"MORTGAGE",0,106000
"890",0,1,"debt_consolidation",836.79,21.45,"RENT",0,48000
"891",1,0,"credit_card",320.05,9.44,"RENT",1,87000
"892",0,0,"debt_consolidation",364.94,16.02,"MORTGAGE",0,69000
"893",0,0,"debt_consolidation",278.76,7.21,"RENT",1,50000
"894",0,1,"debt_consolidation",622.03,17.09,"MORTGAGE",0,60000
"895",0,0,"home_improvement",199.26,11.99,"MORTGAGE",1,122500
"896",1,1,"home_improvement",659.85,28.72,"RENT",0,55000
"897",1,1,"credit_card",249.89,17.09,"MORTGAGE",0,56000
"898",0,0,"debt_consolidation",360.95,12.62,"MORTGAGE",0,80000
"899",1,1,"credit_card",248.15,12.62,"MORTGAGE",0,28000
"900",1,0,"home_improvement",160.03,9.44,"MORTGAGE",1,125000
"901",1,1,"home_improvement",520.35,15.05,"OWN",0,55000
"902",1,0,"debt_consolidation",1040.7,15.05,"OWN",0,140000
"903",1,1,"home_improvement",536.36,10.42,"MORTGAGE",1,50000
"904",1,0,"debt_consolidation",140.96,7.97,"MORTGAGE",1,70000
"905",1,1,"debt_consolidation",688.77,23.88,"MORTGAGE",0,85666
"906",0,0,"credit_card",320.05,9.44,"MORTGAGE",1,175000
"907",1,1,"credit_card",513.25,14.08,"RENT",0,40000
"908",1,1,"small_business",298.82,17.09,"OWN",0,60000
"909",1,1,"home_improvement",270.71,12.62,"MORTGAGE",0,40000
"910",1,1,"debt_consolidation",879.18,16.02,"MORTGAGE",0,149612
"911",0,1,"debt_consolidation",1144.37,10.91,"RENT",1,135000
"912",1,1,"credit_card",107.1,17.09,"MORTGAGE",0,30000
"913",0,1,"home_improvement",132.02,19.03,"MORTGAGE",0,56000
"914",0,1,"credit_card",608.22,16.02,"RENT",0,52000
"915",1,0,"debt_consolidation",175.84,16.02,"RENT",0,30000
"916",1,1,"debt_consolidation",1197.58,14.08,"MORTGAGE",0,202000
"917",0,1,"debt_consolidation",175.84,16.02,"MORTGAGE",0,50400
"918",1,0,"debt_consolidation",483.52,9.93,"MORTGAGE",1,32000
"919",0,0,"debt_consolidation",168.81,16.02,"RENT",0,34500
"920",1,0,"debt_consolidation",568.14,10.42,"RENT",1,78000
"921",1,1,"debt_consolidation",309.1,7.07,"MORTGAGE",1,50000
"922",1,1,"debt_consolidation",347.36,18.06,"OWN",0,48000
"923",0,1,"debt_consolidation",216.62,13.59,"MORTGAGE",0,41000
"924",0,0,"debt_consolidation",93.12,7.35,"RENT",1,69800
"925",1,0,"major_purchase",64.01,9.44,"OWN",1,68000
"926",1,1,"credit_card",693.8,15.05,"OWN",0,220000
"927",1,0,"debt_consolidation",251.34,12.62,"MORTGAGE",0,76790
"928",0,0,"debt_consolidation",1280.2,9.44,"RENT",1,104000
"929",0,1,"debt_consolidation",117.29,12.62,"MORTGAGE",0,82000
"930",0,0,"credit_card",68.29,7.35,"RENT",1,41500
"931",0,1,"debt_consolidation",526.75,24.85,"MORTGAGE",0,60300
"932",0,1,"debt_consolidation",877.91,24.85,"MORTGAGE",0,120000
"933",1,1,"major_purchase",512.82,14.08,"MORTGAGE",0,85000
"934",1,0,"debt_consolidation",356.98,17.09,"RENT",0,50000
"935",1,0,"debt_consolidation",313.23,7.97,"MORTGAGE",1,66000
"936",1,1,"credit_card",384.06,9.44,"RENT",1,60000
"937",0,1,"debt_consolidation",311.49,19.03,"MORTGAGE",0,81400
"938",1,0,"debt_consolidation",179.83,10.91,"RENT",1,27000
"939",0,0,"debt_consolidation",173.45,15.05,"RENT",0,58280
"940",1,1,"debt_consolidation",697.23,17.09,"MORTGAGE",0,125000
"941",1,0,"debt_consolidation",773.26,22.91,"RENT",0,80000
"942",1,1,"debt_consolidation",324.65,10.42,"RENT",1,21600
"943",1,1,"debt_consolidation",693.8,15.05,"MORTGAGE",0,85000
"944",0,0,"debt_consolidation",87.71,7.97,"MORTGAGE",1,93000
"945",1,1,"debt_consolidation",924.23,13.59,"RENT",0,64000
"946",1,1,"debt_consolidation",381.06,15.05,"MORTGAGE",0,1e+05
"947",0,0,"home_improvement",83.78,12.62,"MORTGAGE",0,70000
"948",1,0,"credit_card",1053.08,17.09,"RENT",0,67885
"949",0,1,"debt_consolidation",283.67,7.97,"MORTGAGE",1,50000
"950",0,1,"debt_consolidation",154.55,7.07,"OWN",1,90000
"951",0,1,"debt_consolidation",239.52,14.08,"MORTGAGE",0,68000
"952",1,0,"credit_card",125.3,7.97,"RENT",1,30000
"953",0,0,"debt_consolidation",338.39,12.62,"OWN",0,38000
"954",0,1,"debt_consolidation",386.28,24.85,"MORTGAGE",0,114000
"955",0,0,"home_improvement",100.54,12.62,"MORTGAGE",0,65000
"956",1,1,"debt_consolidation",498.02,17.09,"RENT",0,50000
"957",0,1,"credit_card",94.76,7.97,"MORTGAGE",1,72000
"958",0,0,"credit_card",150.35,7.97,"RENT",1,31500
"959",0,1,"debt_consolidation",1046.22,21.45,"MORTGAGE",0,60000
"960",0,0,"debt_consolidation",407.75,13.59,"RENT",0,59075
"961",1,1,"debt_consolidation",192.03,9.44,"RENT",1,88000
"962",1,1,"debt_consolidation",131.56,7.97,"OWN",1,14400
"963",1,1,"debt_consolidation",234.58,12.62,"RENT",0,32000
"964",0,0,"home_improvement",579.95,22.91,"MORTGAGE",0,170000
"965",0,1,"debt_consolidation",386.82,9.93,"MORTGAGE",1,67000
"966",1,0,"debt_consolidation",451.78,26.3,"MORTGAGE",0,30000
"967",0,0,"debt_consolidation",485.92,12.62,"MORTGAGE",0,85000
"968",1,1,"credit_card",751.75,7.97,"RENT",1,59000
"969",1,0,"debt_consolidation",620.75,7.35,"MORTGAGE",1,90000
"970",0,1,"debt_consolidation",109.5,14.08,"MORTGAGE",0,56000
"971",1,0,"debt_consolidation",188.02,23.88,"RENT",0,94000
"972",1,1,"debt_consolidation",243.95,9.93,"MORTGAGE",1,75000
"973",1,1,"small_business",406.82,18.06,"RENT",0,88000
"974",0,1,"debt_consolidation",167.56,12.62,"RENT",0,60000
"975",1,1,"debt_consolidation",657.6,9.93,"MORTGAGE",1,250000
"976",1,1,"home_improvement",265.68,11.99,"OWN",1,70000
"977",0,1,"credit_card",830.24,11.99,"MORTGAGE",1,1e+05
"978",1,0,"credit_card",335.12,12.62,"RENT",0,42000
"979",0,0,"debt_consolidation",791.92,6.08,"OWN",1,115000
"980",1,1,"home_improvement",962.58,10.42,"MORTGAGE",1,115000
"981",1,1,"home_improvement",180.97,12.62,"MORTGAGE",0,82000
"982",0,1,"credit_card",458.05,16.02,"RENT",0,60000
"983",1,1,"debt_consolidation",775.69,25.82,"MORTGAGE",0,90000
"984",1,1,"debt_consolidation",588.54,10.91,"OWN",1,110000
"985",0,1,"debt_consolidation",97.14,15.05,"RENT",0,15000
"986",1,1,"debt_consolidation",250.59,7.97,"MORTGAGE",1,60000
"987",0,1,"debt_consolidation",323.72,17.09,"OWN",0,74166.53
"988",0,0,"credit_card",461.24,6.72,"MORTGAGE",1,65000
"989",1,1,"debt_consolidation",774.86,23.88,"MORTGAGE",0,118000
"990",0,0,"credit_card",147.6,6.72,"RENT",1,140000
"991",0,1,"debt_consolidation",273.74,14.08,"OWN",0,42000
"992",0,1,"credit_card",179.34,11.99,"MORTGAGE",1,115000
"993",1,1,"debt_consolidation",792.54,14.08,"MORTGAGE",0,92300
"994",1,1,"debt_consolidation",486.58,16.02,"MORTGAGE",0,55000
"995",0,0,"debt_consolidation",77.37,9.93,"RENT",1,20000
"996",1,0,"debt_consolidation",679.58,13.59,"RENT",0,46000
"997",1,1,"debt_consolidation",484.8,15.05,"RENT",0,50000
"998",0,0,"credit_card",314.59,9.44,"MORTGAGE",1,126000
"999",0,0,"debt_consolidation",703.34,16.02,"MORTGAGE",0,120000
"1000",0,1,"major_purchase",848.51,9.93,"RENT",1,136000
"1001",0,0,"debt_consolidation",367.02,9.44,"MORTGAGE",1,1e+05
"1002",1,1,"major_purchase",451.19,12.62,"MORTGAGE",0,92300
"1003",1,1,"major_purchase",1326.43,25.82,"OWN",0,66000
"1004",0,0,"home_improvement",78.31,7.97,"MORTGAGE",1,80000
"1005",0,0,"debt_consolidation",282.05,14.08,"MORTGAGE",0,70000
"1006",0,1,"debt_consolidation",428.7,15.05,"MORTGAGE",0,85000
"1007",0,1,"debt_consolidation",256.04,9.44,"MORTGAGE",1,90000
"1008",0,1,"credit_card",66.42,11.99,"MORTGAGE",1,176000
"1009",1,1,"home_improvement",848.51,9.93,"MORTGAGE",1,150000
"1010",0,1,"debt_consolidation",410.6,14.08,"RENT",0,45000
"1011",0,1,"home_improvement",635.86,20,"RENT",0,140000
"1012",0,1,"small_business",513.25,14.08,"RENT",0,2e+05
"1013",0,0,"credit_card",327.69,21.45,"RENT",0,85000
"1014",0,1,"credit_card",277.52,15.05,"MORTGAGE",0,230000
"1015",0,1,"debt_consolidation",261.27,25.82,"MORTGAGE",0,60470
"1016",0,0,"debt_consolidation",147.6,6.72,"RENT",1,98000
"1017",1,1,"home_improvement",316.51,16.02,"MORTGAGE",0,54000
"1018",1,0,"small_business",335.12,12.62,"RENT",0,80000
"1019",0,1,"debt_consolidation",154.73,9.93,"RENT",1,70000
"1020",0,0,"debt_consolidation",531.87,9.93,"MORTGAGE",1,63000
"1021",0,1,"debt_consolidation",333.43,15.05,"MORTGAGE",0,50000
"1022",0,1,"debt_consolidation",298.89,11.99,"MORTGAGE",1,105000
"1023",1,0,"debt_consolidation",220.03,19.03,"RENT",0,69666
"1024",1,1,"debt_consolidation",354.58,9.93,"MORTGAGE",1,75000
"1025",1,1,"credit_card",480.58,10.42,"RENT",1,1e+05
"1026",1,1,"debt_consolidation",682.83,7.35,"MORTGAGE",1,76000
"1027",0,0,"debt_consolidation",424.74,13.59,"RENT",0,55000
"1028",1,0,"debt_consolidation",546.15,21.45,"RENT",0,62000
"1029",0,1,"debt_consolidation",74.33,20,"RENT",0,55000
"1030",1,1,"debt_consolidation",685.4,17.09,"RENT",0,69000
"1031",1,1,"debt_consolidation",267.62,16.02,"MORTGAGE",0,1e+05
"1032",1,1,"credit_card",676.78,12.62,"RENT",0,62000
"1033",0,1,"debt_consolidation",279.72,14.08,"MORTGAGE",0,35000
"1034",1,1,"home_improvement",1501.96,30.84,"OWN",0,101000
"1035",0,0,"credit_card",772.5,30.17,"RENT",0,53000
"1036",1,0,"credit_card",1231.8,14.08,"RENT",0,96000
"1037",1,1,"debt_consolidation",253.28,18.06,"OWN",0,24000
"1038",1,1,"credit_card",476.33,15.05,"MORTGAGE",0,95000
"1039",0,1,"debt_consolidation",662.19,17.09,"MORTGAGE",0,42200
"1040",0,1,"debt_consolidation",597.02,19.03,"MORTGAGE",0,86000
"1041",0,1,"credit_card",160.03,9.44,"MORTGAGE",1,32000
"1042",0,1,"debt_consolidation",680.64,10.42,"MORTGAGE",1,75550
"1043",1,1,"debt_consolidation",529.88,20,"MORTGAGE",0,1e+05
"1044",1,1,"debt_consolidation",459.18,23.88,"MORTGAGE",0,98000
"1045",1,1,"home_improvement",580.22,9.93,"MORTGAGE",1,40000
"1046",1,0,"debt_consolidation",803.56,23.88,"RENT",0,70200
"1047",1,1,"debt_consolidation",154.87,7.21,"MORTGAGE",1,30500
"1048",1,1,"debt_consolidation",469.84,7.97,"MORTGAGE",1,89000
"1049",1,0,"debt_consolidation",460.88,9.44,"MORTGAGE",1,85000
"1050",0,0,"credit_card",52.71,5.32,"RENT",1,158000
"1051",0,0,"debt_consolidation",279.34,7.35,"MORTGAGE",1,41000
"1052",1,1,"debt_consolidation",175.84,16.02,"RENT",0,55000
"1053",0,0,"debt_consolidation",278.73,20,"RENT",0,70000
"1054",1,1,"debt_consolidation",789.3,28.72,"RENT",0,40000
"1055",0,0,"debt_consolidation",445.1,20,"MORTGAGE",0,45000
"1056",1,1,"debt_consolidation",342.17,14.08,"MORTGAGE",0,90000
"1057",1,1,"credit_card",64.47,9.93,"MORTGAGE",1,43000
"1058",1,1,"debt_consolidation",1150.5,30.84,"RENT",0,280000
"1059",1,0,"debt_consolidation",576.18,21.45,"RENT",0,125000
"1060",0,0,"debt_consolidation",98.09,10.91,"MORTGAGE",1,1e+05
"1061",1,1,"debt_consolidation",684.33,14.08,"RENT",0,62576
"1062",1,1,"home_improvement",679.58,13.59,"MORTGAGE",0,1e+05
"1063",1,0,"home_improvement",326.97,10.91,"OWN",1,28000
"1064",0,0,"debt_consolidation",520.35,15.05,"RENT",0,65000
"1065",1,0,"debt_consolidation",49.05,10.91,"RENT",1,30000
"1066",0,1,"debt_consolidation",475.71,13.59,"RENT",0,120000
"1067",1,0,"debt_consolidation",243.29,16.02,"OWN",0,28000
"1068",1,1,"debt_consolidation",789.57,12.62,"RENT",0,1e+05
"1069",0,1,"debt_consolidation",644.69,9.93,"RENT",1,55000
"1070",0,1,"debt_consolidation",473.58,28.72,"OWN",0,50000
"1071",1,0,"major_purchase",1249.42,17.09,"MORTGAGE",0,79000
"1072",0,0,"credit_card",219.26,7.97,"RENT",1,65000
"1073",0,0,"credit_card",199.26,11.99,"RENT",1,42000
"1074",1,1,"debt_consolidation",135.92,13.59,"RENT",0,25000
"1075",0,1,"debt_consolidation",254.69,12.62,"RENT",0,82000
"1076",1,0,"debt_consolidation",160.03,9.44,"RENT",1,30000
"1077",0,1,"debt_consolidation",270.71,12.62,"MORTGAGE",0,60000
"1078",1,0,"debt_consolidation",381.4,18.06,"MORTGAGE",0,36000
"1079",1,1,"debt_consolidation",257.88,9.93,"MORTGAGE",1,63000
"1080",1,1,"debt_consolidation",662.35,20,"RENT",0,70000
"1081",1,1,"debt_consolidation",519.15,19.03,"RENT",0,30000
"1082",1,0,"major_purchase",363.4,19.03,"RENT",0,50000
"1083",0,1,"debt_consolidation",243.49,10.42,"MORTGAGE",1,72000
"1084",0,1,"major_purchase",67.96,13.59,"MORTGAGE",0,90000
"1085",0,0,"home_improvement",301.19,26.3,"MORTGAGE",0,90000
"1086",0,1,"debt_consolidation",420.51,7.97,"MORTGAGE",1,33135
"1087",0,1,"home_improvement",693.8,15.05,"MORTGAGE",0,110000
"1088",1,1,"debt_consolidation",158.26,16.02,"RENT",0,45000
"1089",1,1,"debt_consolidation",1266.81,9.93,"OWN",1,60000
"1090",1,1,"debt_consolidation",660.09,19.03,"RENT",0,50000
"1091",0,1,"credit_card",64.01,9.44,"OWN",1,20000
"1092",0,1,"credit_card",373.79,19.03,"RENT",0,115000
"1093",1,1,"debt_consolidation",326.97,10.91,"RENT",1,36000
"1094",1,0,"debt_consolidation",563.98,12.62,"MORTGAGE",0,69500
"1095",0,1,"credit_card",175.84,16.02,"RENT",0,24000
"1096",0,1,"debt_consolidation",1105.01,28.72,"MORTGAGE",0,155000
"1097",0,0,"debt_consolidation",326.97,10.91,"RENT",1,50000
"1098",1,1,"debt_consolidation",486.98,10.42,"MORTGAGE",1,70000
"1099",1,1,"debt_consolidation",381.4,18.06,"MORTGAGE",0,80000
"1100",0,1,"debt_consolidation",895.02,25.82,"MORTGAGE",0,160000
"1101",0,0,"debt_consolidation",96.71,9.93,"RENT",1,80000
"1102",0,0,"debt_consolidation",222.99,20,"OWN",0,120000
"1103",0,1,"credit_card",1359.16,13.59,"MORTGAGE",0,140000
"1104",0,0,"credit_card",128.94,9.93,"MORTGAGE",1,80000
"1105",1,0,"major_purchase",62.65,7.97,"RENT",1,64000
"1106",0,1,"debt_consolidation",832.56,15.05,"MORTGAGE",0,77000
"1107",1,1,"home_improvement",1283.5,19.03,"MORTGAGE",0,169000
"1108",1,0,"credit_card",310.38,7.35,"RENT",1,107000
"1109",1,0,"credit_card",486.58,16.02,"MORTGAGE",0,85000
"1110",1,1,"credit_card",849.48,13.59,"OWN",0,155000
"1111",0,0,"home_improvement",309.74,7.21,"MORTGAGE",1,72000
"1112",0,1,"credit_card",317.93,20,"OWN",0,48000
"1113",1,0,"debt_consolidation",459.18,23.88,"RENT",0,140000
"1114",1,1,"debt_consolidation",960.15,9.44,"MORTGAGE",1,55000
"1115",1,1,"debt_consolidation",222.02,15.05,"OWN",0,53000
"1116",1,1,"debt_consolidation",235.02,23.88,"OWN",0,30000
"1117",0,0,"debt_consolidation",257.88,9.93,"MORTGAGE",1,85000
"1118",1,0,"debt_consolidation",318.19,9.93,"RENT",1,93000
"1119",0,0,"home_improvement",512.34,17.09,"MORTGAGE",0,97970
"1120",0,1,"debt_consolidation",1300.73,20,"MORTGAGE",0,90000
"1121",1,0,"debt_consolidation",713.56,13.59,"RENT",0,150000
"1122",1,0,"debt_consolidation",973.95,10.42,"RENT",1,1e+05
"1123",0,1,"credit_card",530.32,9.93,"MORTGAGE",1,23500
"1124",1,1,"debt_consolidation",628.07,21.45,"MORTGAGE",0,62000
"1125",1,0,"credit_card",231.82,7.07,"RENT",1,38000
"1126",1,1,"debt_consolidation",529.88,20,"MORTGAGE",0,71000
"1127",1,1,"debt_consolidation",467.12,16.02,"RENT",0,62000
"1128",1,1,"credit_card",410.72,19.03,"OWN",0,95680
"1129",1,1,"debt_consolidation",1070.93,17.09,"RENT",0,35000
"1130",1,1,"debt_consolidation",185.82,20,"MORTGAGE",0,41600
"1131",1,1,"debt_consolidation",624.9,9.44,"MORTGAGE",1,39058
"1132",1,0,"debt_consolidation",595.21,24.85,"OWN",0,55000
"1133",0,1,"credit_card",466.2,14.08,"RENT",0,50400
"1134",1,1,"debt_consolidation",1055.01,16.02,"MORTGAGE",0,70000
"1135",0,0,"debt_consolidation",154.87,7.21,"MORTGAGE",1,109000
"1136",0,0,"debt_consolidation",178.49,17.09,"MORTGAGE",0,43000
"1137",1,0,"debt_consolidation",490.45,10.91,"RENT",1,45000
"1138",1,1,"major_purchase",418.45,11.99,"MORTGAGE",1,30000
"1139",1,1,"debt_consolidation",1038.55,7.07,"MORTGAGE",1,103000
"1140",0,1,"debt_consolidation",777.06,15.05,"MORTGAGE",0,130000
"1141",0,1,"debt_consolidation",284.78,18.06,"RENT",0,35000
"1142",0,1,"debt_consolidation",326.97,10.91,"MORTGAGE",1,98788
"1143",1,0,"debt_consolidation",297.31,20,"RENT",0,63000
"1144",0,0,"credit_card",189.91,16.02,"MORTGAGE",0,70000
"1145",1,1,"debt_consolidation",148.66,20,"MORTGAGE",0,40000
"1146",0,1,"debt_consolidation",375.88,7.97,"MORTGAGE",1,6e+05
"1147",0,1,"debt_consolidation",155.69,14.08,"MORTGAGE",0,60000
"1148",1,1,"debt_consolidation",318.55,26.3,"MORTGAGE",0,42500
"1149",0,1,"debt_consolidation",361.93,12.62,"MORTGAGE",0,57358
"1150",0,1,"credit_card",485.66,15.05,"RENT",0,50000
"1151",1,1,"debt_consolidation",409.61,21.45,"MORTGAGE",0,80000
"1152",1,1,"debt_consolidation",871.54,17.09,"OWN",0,144000
"1153",0,0,"debt_consolidation",206.3,9.93,"OWN",1,65000
"1154",0,1,"debt_consolidation",796.84,17.09,"MORTGAGE",0,160000
"1155",1,1,"debt_consolidation",936.63,15.05,"MORTGAGE",0,95000
"1156",0,1,"debt_consolidation",393.05,30.65,"RENT",0,70000
"1157",0,1,"debt_consolidation",268.09,12.62,"RENT",0,74000
"1158",1,1,"major_purchase",440.06,19.03,"RENT",0,125582
"1159",0,1,"debt_consolidation",833.98,11.99,"MORTGAGE",1,75000
"1160",1,1,"debt_consolidation",298.37,14.08,"MORTGAGE",0,92000
"1161",0,1,"debt_consolidation",173.45,15.05,"RENT",0,60000
"1162",1,1,"debt_consolidation",415.32,19.03,"MORTGAGE",0,120000
"1163",1,1,"debt_consolidation",415.32,19.03,"RENT",0,45000
"1164",0,0,"debt_consolidation",264.94,20,"MORTGAGE",0,45000
"1165",0,0,"credit_card",289.12,11.99,"MORTGAGE",1,110000
"1166",1,1,"debt_consolidation",448.22,17.09,"RENT",0,90000
"1167",0,1,"debt_consolidation",640.1,9.44,"RENT",1,80000
"1168",0,1,"debt_consolidation",713.43,30.84,"RENT",0,1e+05
"1169",1,0,"debt_consolidation",253.28,18.06,"RENT",0,80000
"1170",0,1,"debt_consolidation",1019.37,13.59,"MORTGAGE",0,80000
"1171",0,1,"credit_card",490.45,10.91,"MORTGAGE",1,70000
"1172",1,1,"debt_consolidation",778.72,19.03,"MORTGAGE",0,2e+05
"1173",0,1,"home_improvement",203.88,13.59,"MORTGAGE",0,105000
"1174",0,0,"credit_card",199.26,11.99,"RENT",1,39665.6
"1175",0,0,"debt_consolidation",271.84,13.59,"RENT",0,65000
"1176",0,0,"debt_consolidation",184.5,6.72,"RENT",1,65000
"1177",0,1,"home_improvement",219.64,7.35,"MORTGAGE",1,47000
"1178",0,0,"credit_card",240.04,9.44,"MORTGAGE",1,44000
"1179",0,1,"credit_card",156.62,7.97,"MORTGAGE",1,44160
"1180",1,0,"debt_consolidation",672.11,9.44,"MORTGAGE",1,65000
"1181",0,0,"debt_consolidation",668.95,20,"MORTGAGE",0,110000
"1182",0,0,"debt_consolidation",357.25,15.05,"OWN",0,41000
"1183",1,0,"debt_consolidation",513.25,14.08,"MORTGAGE",0,75000
"1184",1,1,"debt_consolidation",688.08,13.59,"RENT",0,31600
"1185",1,1,"debt_consolidation",1280.2,9.44,"MORTGAGE",1,260000
"1186",1,1,"debt_consolidation",303.26,21.45,"RENT",0,48000
"1187",1,0,"debt_consolidation",751.75,7.97,"MORTGAGE",1,147000
"1188",0,0,"debt_consolidation",201.07,12.62,"OWN",0,75000
"1189",1,1,"debt_consolidation",700.85,19.03,"MORTGAGE",0,1e+05
"1190",0,1,"debt_consolidation",489.27,11.99,"MORTGAGE",1,80000
"1191",1,1,"debt_consolidation",326.97,10.91,"MORTGAGE",1,50000
"1192",1,0,"credit_card",201.07,12.62,"RENT",0,15000
"1193",1,1,"credit_card",676.78,12.62,"MORTGAGE",0,130000
"1194",0,1,"debt_consolidation",166.43,9.44,"MORTGAGE",1,60000
"1195",1,0,"credit_card",830.24,11.99,"OWN",1,190000
"1196",0,1,"home_improvement",1100.14,19.03,"MORTGAGE",0,83000
"1197",0,1,"debt_consolidation",849.48,13.59,"MORTGAGE",0,240000
"1198",1,1,"debt_consolidation",635.66,18.06,"MORTGAGE",0,28000
"1199",0,0,"credit_card",203.6,7.97,"RENT",1,31500
"1200",1,1,"debt_consolidation",1005.34,12.62,"OWN",0,113500
"1201",1,1,"debt_consolidation",858.18,10.42,"OWN",1,120000
"1202",1,1,"credit_card",1162.34,11.99,"MORTGAGE",1,157000
"1203",1,0,"debt_consolidation",346.9,15.05,"MORTGAGE",0,32000
"1204",0,1,"debt_consolidation",381.06,15.05,"MORTGAGE",0,115000
"1205",1,0,"debt_consolidation",576.09,9.44,"OWN",1,84400
"1206",0,1,"home_improvement",1328.39,11.99,"MORTGAGE",1,188000
"1207",0,0,"debt_consolidation",614.99,6.72,"MORTGAGE",1,90000
"1208",1,1,"debt_consolidation",255.03,10.91,"RENT",1,60000
"1209",0,0,"debt_consolidation",339.79,13.59,"RENT",0,80000
"1210",0,1,"debt_consolidation",199.45,10.91,"RENT",1,18000
"1211",0,1,"debt_consolidation",89.62,9.44,"RENT",1,44000
"1212",1,1,"debt_consolidation",175.84,16.02,"RENT",0,47000
"1213",1,0,"debt_consolidation",203.88,13.59,"RENT",0,85000
"1214",0,1,"home_improvement",134.05,12.62,"MORTGAGE",0,110000
"1215",1,0,"debt_consolidation",256.04,9.44,"MORTGAGE",1,47000
"1216",0,0,"debt_consolidation",257.88,9.93,"MORTGAGE",1,50000
"1217",1,0,"small_business",664.2,11.99,"MORTGAGE",1,175000
"1218",1,0,"debt_consolidation",571.59,15.05,"OWN",0,40000
"1219",0,0,"debt_consolidation",216.82,7.21,"OWN",1,130000
"1220",1,0,"debt_consolidation",214.19,17.09,"MORTGAGE",0,63000
"1221",0,1,"home_improvement",927.29,20,"MORTGAGE",0,72000
"1222",1,0,"credit_card",478.18,9.44,"MORTGAGE",1,139000
"1223",0,0,"debt_consolidation",92.73,7.07,"MORTGAGE",1,30000
"1224",0,0,"debt_consolidation",461.13,13.59,"OWN",0,60000
"1225",1,1,"debt_consolidation",273.74,14.08,"MORTGAGE",0,114000
"1226",1,1,"debt_consolidation",313.23,7.97,"MORTGAGE",1,25000
"1227",1,0,"debt_consolidation",467.23,19.03,"OWN",0,60608
"1228",0,0,"debt_consolidation",519.44,10.42,"MORTGAGE",1,2500
"1229",0,1,"debt_consolidation",205.3,14.08,"MORTGAGE",0,20000
"1230",1,1,"debt_consolidation",336.87,23.88,"RENT",0,55000
"1231",1,0,"debt_consolidation",810.49,18.06,"MORTGAGE",0,89000
"1232",0,1,"debt_consolidation",385.24,11.99,"MORTGAGE",1,72800
"1233",1,0,"major_purchase",80.02,9.44,"OWN",1,70000
"1234",0,1,"credit_card",346.9,15.05,"OWN",0,38000
"1235",1,0,"debt_consolidation",563.81,7.97,"MORTGAGE",1,75000
"1236",0,0,"debt_consolidation",312.25,10.91,"MORTGAGE",1,68119
"1237",1,1,"debt_consolidation",220.87,13.59,"MORTGAGE",0,55000
"1238",1,1,"debt_consolidation",115.22,9.44,"MORTGAGE",1,70000
"1239",0,1,"debt_consolidation",140.67,16.02,"RENT",0,50000
"1240",1,1,"debt_consolidation",277.52,15.05,"RENT",0,35000
"1241",1,0,"debt_consolidation",247.79,7.21,"RENT",1,1e+05
"1242",0,1,"debt_consolidation",225.65,9.93,"MORTGAGE",1,60000
"1243",0,0,"debt_consolidation",162.33,10.42,"RENT",1,62400
"1244",1,1,"debt_consolidation",332.1,11.99,"RENT",1,35000
"1245",0,0,"debt_consolidation",308.04,19.03,"RENT",0,60000
"1246",0,1,"debt_consolidation",809.24,20,"MORTGAGE",0,68000
"1247",1,1,"debt_consolidation",337.61,16.02,"RENT",0,30000
"1248",1,0,"credit_card",331.31,26.3,"RENT",0,32000
"1249",1,1,"debt_consolidation",636.38,9.93,"RENT",1,65000
"1250",0,0,"debt_consolidation",679.58,13.59,"RENT",0,76902
"1251",0,1,"credit_card",737.8,13.59,"MORTGAGE",0,98250
"1252",1,1,"credit_card",1026.5,14.08,"OWN",0,160000
"1253",0,1,"debt_consolidation",162.83,18.06,"MORTGAGE",0,60000
"1254",0,0,"debt_consolidation",171.09,14.08,"RENT",0,70000
"1255",1,1,"debt_consolidation",559.44,14.08,"MORTGAGE",0,68000
"1256",1,0,"debt_consolidation",653.93,10.91,"RENT",1,115000
"1257",1,0,"credit_card",320.05,9.44,"MORTGAGE",1,74000
"1258",0,0,"credit_card",155.19,7.35,"OWN",1,28000
"1259",0,1,"debt_consolidation",166.05,11.99,"RENT",1,31020
"1260",0,1,"credit_card",130.79,10.91,"MORTGAGE",1,52000
"1261",1,0,"debt_consolidation",304.59,6.08,"OWN",1,32000
"1262",1,1,"debt_consolidation",1326.73,21.45,"OWN",0,96000
"1263",1,1,"debt_consolidation",209.01,15.05,"RENT",0,44160
"1264",0,0,"home_improvement",189.54,21.45,"MORTGAGE",0,70000
"1265",0,0,"debt_consolidation",198.03,19.03,"MORTGAGE",0,70000
"1266",0,0,"credit_card",465.57,7.35,"MORTGAGE",1,150000
"1267",1,0,"credit_card",117.29,12.62,"OWN",0,42350
"1268",1,1,"debt_consolidation",423.91,20,"MORTGAGE",0,50000
"1269",1,0,"credit_card",250.59,7.97,"MORTGAGE",1,92045
"1270",1,1,"major_purchase",363.4,19.03,"MORTGAGE",0,120000
"1271",1,0,"debt_consolidation",642.85,23.88,"OWN",0,107500
"1272",1,1,"debt_consolidation",268.65,14.08,"OWN",0,80000
"1273",0,0,"credit_card",156.62,7.97,"RENT",1,36000
"1274",1,1,"home_improvement",211.01,16.02,"MORTGAGE",0,87000
"1275",1,1,"debt_consolidation",531.36,11.99,"MORTGAGE",1,190000
"1276",0,1,"credit_card",75.18,7.97,"RENT",1,52000
"1277",1,1,"debt_consolidation",288.76,12.62,"OWN",0,40000
"1278",1,1,"debt_consolidation",431.73,11.99,"MORTGAGE",1,60000
"1279",0,1,"debt_consolidation",145.06,9.93,"RENT",1,21600
"1280",1,0,"credit_card",320.05,9.44,"RENT",1,132000
"1281",0,0,"debt_consolidation",326.97,10.91,"MORTGAGE",1,63000
"1282",1,1,"major_purchase",851.51,16.02,"RENT",0,455400
"1283",0,0,"debt_consolidation",486.98,10.42,"RENT",1,68000
"1284",0,0,"debt_consolidation",583.89,16.02,"RENT",0,85000
"1285",1,0,"debt_consolidation",289.47,18.06,"RENT",0,47500
"1286",1,0,"debt_consolidation",259.58,19.03,"RENT",0,125000
"1287",1,1,"major_purchase",424.26,9.93,"OWN",1,194000
"1288",1,1,"debt_consolidation",1283.5,19.03,"RENT",0,85000
"1289",1,0,"debt_consolidation",187.94,7.97,"RENT",1,80000
"1290",1,1,"debt_consolidation",1053.35,13.59,"RENT",0,54100
"1291",1,0,"debt_consolidation",121.42,15.05,"OWN",0,25000
"1292",0,1,"small_business",589.35,11.99,"OWN",1,92000
"1293",1,1,"home_improvement",254.27,18.06,"MORTGAGE",0,150000
"1294",0,0,"credit_card",335.12,12.62,"OWN",0,62500
"1295",0,0,"debt_consolidation",55.51,15.05,"MORTGAGE",0,70000
"1296",1,1,"debt_consolidation",482.45,29.69,"MORTGAGE",0,27560
"1297",0,0,"debt_consolidation",512.08,9.44,"RENT",1,64890
"1298",0,1,"small_business",851.51,16.02,"OWN",0,101000
"1299",0,0,"credit_card",232.79,7.35,"OWN",1,35000
"1300",0,0,"debt_consolidation",244.64,11.99,"MORTGAGE",1,1e+05
"1301",0,1,"home_improvement",407.75,13.59,"MORTGAGE",0,1e+05
"1302",0,0,"debt_consolidation",173.45,15.05,"RENT",0,47000
"1303",1,1,"debt_consolidation",571.59,15.05,"RENT",0,79000
"1304",0,0,"debt_consolidation",830.24,11.99,"RENT",1,35000
"1305",1,0,"home_improvement",492.08,10.91,"MORTGAGE",1,43680
"1306",1,0,"debt_consolidation",317.28,23.88,"RENT",0,51000
"1307",0,0,"debt_consolidation",375.88,7.97,"MORTGAGE",1,220000
"1308",0,1,"debt_consolidation",1415.78,26.3,"OWN",0,155000
"1309",1,0,"debt_consolidation",373.52,17.09,"MORTGAGE",0,105000
"1310",0,1,"small_business",1054.15,26.3,"MORTGAGE",0,3000
"1311",1,1,"debt_consolidation",1184.19,9.44,"RENT",1,122000
"1312",1,1,"debt_consolidation",761.46,6.08,"MORTGAGE",1,204000
"1313",0,0,"credit_card",257.46,10.42,"OWN",1,72000
"1314",0,1,"credit_card",222.4,11.99,"MORTGAGE",1,54000
"1315",0,0,"debt_consolidation",317.93,20,"MORTGAGE",0,49000
"1316",0,1,"debt_consolidation",752.87,5.32,"MORTGAGE",1,118000
"1317",1,1,"credit_card",182.54,24.85,"RENT",0,50000
"1318",1,1,"debt_consolidation",464.18,9.93,"OWN",1,75000
"1319",1,1,"debt_consolidation",107.99,17.09,"RENT",0,21000
"1320",0,1,"credit_card",317.83,18.06,"MORTGAGE",0,62000
"1321",0,1,"debt_consolidation",178.49,17.09,"RENT",0,48500
"1322",0,1,"home_improvement",305.81,13.59,"OWN",0,25600
"1323",1,1,"debt_consolidation",211.01,16.02,"RENT",0,50000
"1324",0,1,"debt_consolidation",1252.91,7.97,"OWN",1,350000
"1325",0,0,"credit_card",227.26,10.42,"RENT",1,51500
"1326",1,1,"debt_consolidation",871.54,17.09,"OWN",0,120000
"1327",1,1,"debt_consolidation",461.13,13.59,"MORTGAGE",0,80000
"1328",1,1,"credit_card",585.27,24.85,"MORTGAGE",0,87000
"1329",1,0,"debt_consolidation",180.92,18.06,"OWN",0,90000
"1330",0,0,"credit_card",326.97,10.91,"MORTGAGE",1,1e+05
"1331",1,1,"debt_consolidation",571.59,15.05,"RENT",0,140000
"1332",1,0,"debt_consolidation",61.82,7.07,"RENT",1,62000
"1333",1,1,"debt_consolidation",361.82,21.45,"OWN",0,50000
"1334",1,1,"debt_consolidation",322.35,9.93,"RENT",1,60000
"1335",1,0,"debt_consolidation",320.05,9.44,"OWN",1,17976
"1336",0,1,"debt_consolidation",322.35,9.93,"MORTGAGE",1,78000
"1337",1,1,"debt_consolidation",955.75,21.45,"MORTGAGE",0,125000
"1338",1,1,"home_improvement",640.1,9.44,"OWN",1,54000
"1339",1,1,"debt_consolidation",171.35,17.09,"RENT",0,61000
"1340",1,1,"debt_consolidation",453.81,19.03,"MORTGAGE",0,156000
"1341",0,0,"debt_consolidation",464.18,9.93,"OWN",1,42000
"1342",0,1,"debt_consolidation",435.27,9.44,"MORTGAGE",1,90000
"1343",0,0,"debt_consolidation",325.06,14.08,"RENT",0,75000
"1344",1,0,"debt_consolidation",530.3,13.59,"MORTGAGE",0,50000
"1345",0,1,"debt_consolidation",147.71,16.02,"MORTGAGE",0,22000
"1346",1,1,"debt_consolidation",400.31,11.99,"MORTGAGE",1,12000
"1347",1,1,"debt_consolidation",358.01,25.82,"RENT",0,38400
"1348",0,0,"credit_card",324.65,10.42,"RENT",1,162000
"1349",1,0,"debt_consolidation",373.52,17.09,"RENT",0,42000
"1350",1,1,"debt_consolidation",293.37,19.03,"MORTGAGE",0,79999
"1351",1,1,"debt_consolidation",931.13,7.35,"MORTGAGE",1,71000
"1352",1,1,"credit_card",773.26,22.91,"MORTGAGE",0,105000
"1353",0,0,"major_purchase",328.41,30.79,"RENT",0,36800
"1354",1,1,"debt_consolidation",984.86,22.91,"MORTGAGE",0,94000
"1355",1,1,"home_improvement",277.52,15.05,"MORTGAGE",0,18000
"1356",1,1,"debt_consolidation",480.08,9.44,"RENT",1,50000
"1357",0,1,"debt_consolidation",1280.2,9.44,"MORTGAGE",1,2e+05
"1358",0,1,"debt_consolidation",545.86,21.45,"RENT",0,45000
"1359",1,1,"debt_consolidation",1230.85,16.02,"MORTGAGE",0,50000
"1360",1,1,"debt_consolidation",1214.15,15.05,"MORTGAGE",0,90000
"1361",0,1,"debt_consolidation",788.45,19.03,"RENT",0,65000
"1362",1,0,"debt_consolidation",476.33,15.05,"MORTGAGE",0,48000
"1363",0,1,"home_improvement",1387.6,15.05,"OWN",0,1e+05
"1364",0,1,"debt_consolidation",399.75,6.72,"MORTGAGE",1,70000
"1365",1,1,"debt_consolidation",233.1,14.08,"MORTGAGE",0,48000
"1366",1,0,"debt_consolidation",326.97,10.91,"MORTGAGE",1,48000
"1367",1,1,"debt_consolidation",1144.37,10.91,"OWN",1,133000
"1368",0,1,"small_business",498.15,11.99,"RENT",1,80000
"1369",1,0,"debt_consolidation",177.61,12.62,"RENT",0,19800
"1370",0,0,"credit_card",96.71,9.93,"MORTGAGE",1,45000
"1371",1,1,"debt_consolidation",335.57,9.44,"MORTGAGE",1,58000
"1372",0,0,"debt_consolidation",372.45,7.35,"MORTGAGE",1,1e+05
"1373",0,1,"debt_consolidation",254.85,13.59,"MORTGAGE",0,3e+05
"1374",0,1,"debt_consolidation",291.44,20,"RENT",0,48400
"1375",0,1,"debt_consolidation",1184.08,7.35,"OWN",1,50000
"1376",0,0,"credit_card",301.15,5.32,"MORTGAGE",1,72000
"1377",0,0,"debt_consolidation",389.58,10.42,"OWN",1,140000
"1378",1,0,"debt_consolidation",1230.85,16.02,"MORTGAGE",0,125000
"1379",0,1,"home_improvement",205.3,14.08,"MORTGAGE",0,180000
"1380",1,1,"debt_consolidation",354.58,9.93,"MORTGAGE",1,56000
"1381",0,1,"debt_consolidation",1289.38,9.93,"RENT",1,126000
"1382",1,0,"debt_consolidation",633.01,16.02,"MORTGAGE",0,40000
"1383",1,1,"credit_card",543.67,13.59,"RENT",0,80000
"1384",0,0,"debt_consolidation",631.44,28.72,"RENT",0,45900
"1385",0,0,"debt_consolidation",301.15,5.32,"RENT",1,165000
"1386",0,1,"debt_consolidation",784.46,17.09,"MORTGAGE",0,224000
"1387",0,0,"home_improvement",270.59,15.05,"MORTGAGE",0,113000
"1388",1,1,"home_improvement",512.02,26.3,"MORTGAGE",0,49000
"1389",0,1,"credit_card",311.67,10.42,"RENT",1,26000
"1390",1,1,"credit_card",743.28,20,"RENT",0,48000
"1391",0,1,"credit_card",300.37,10.42,"OWN",1,82000
"1392",0,1,"major_purchase",209.53,9.93,"RENT",1,24000
"1393",0,1,"credit_card",530.32,9.93,"OWN",1,70000
"1394",0,1,"credit_card",480.08,9.44,"MORTGAGE",1,144000
"1395",1,0,"credit_card",664.2,11.99,"MORTGAGE",1,192000
"1396",0,0,"credit_card",298.89,11.99,"RENT",1,23000
"1397",1,1,"debt_consolidation",167.56,12.62,"OWN",0,36000
"1398",1,1,"debt_consolidation",1353.2,22.91,"MORTGAGE",0,127000
"1399",1,0,"debt_consolidation",195.85,23.88,"RENT",0,53000
"1400",1,1,"debt_consolidation",693.8,15.05,"MORTGAGE",0,40000
"1401",1,0,"debt_consolidation",116.24,11.99,"RENT",1,35000
"1402",1,1,"credit_card",108.55,18.06,"MORTGAGE",0,75000
"1403",1,1,"home_improvement",297.31,20,"MORTGAGE",0,65000
"1404",0,1,"home_improvement",346.05,9.44,"MORTGAGE",1,135000
"1405",0,1,"major_purchase",263.76,16.02,"RENT",0,40000
"1406",0,0,"debt_consolidation",311.47,18.06,"OWN",0,70000
"1407",0,0,"debt_consolidation",731.59,24.85,"MORTGAGE",0,138600
"1408",1,0,"debt_consolidation",635.66,18.06,"MORTGAGE",0,60000
"1409",0,1,"home_improvement",473.74,12.62,"MORTGAGE",0,117400
"1410",1,1,"debt_consolidation",285.8,15.05,"MORTGAGE",0,123000
"1411",0,0,"debt_consolidation",181.57,7.35,"MORTGAGE",1,64000
"1412",0,0,"home_improvement",470.04,23.88,"OWN",0,38480
"1413",0,1,"small_business",431.19,21.45,"RENT",0,37951
"1414",1,1,"debt_consolidation",260.15,20,"RENT",0,48407
"1415",1,0,"debt_consolidation",186.23,7.35,"RENT",1,80000
"1416",1,1,"major_purchase",437.33,18.06,"RENT",0,42000
"1417",1,1,"major_purchase",932.39,14.08,"MORTGAGE",0,28000
"1418",0,1,"debt_consolidation",576.09,9.44,"MORTGAGE",1,45000
"1419",0,0,"debt_consolidation",838.91,9.44,"RENT",1,90000
"1420",1,1,"debt_consolidation",208.14,15.05,"MORTGAGE",0,39000
"1421",1,0,"debt_consolidation",189.54,21.45,"RENT",0,120000
"1422",1,1,"debt_consolidation",442.01,28.72,"RENT",0,49858
"1423",0,0,"home_improvement",246,6.72,"MORTGAGE",1,70000
"1424",1,1,"debt_consolidation",398.52,11.99,"RENT",1,40000
"1425",0,0,"debt_consolidation",371.64,20,"MORTGAGE",0,65000
"1426",0,1,"debt_consolidation",267.27,16.02,"RENT",0,46000
"1427",0,0,"credit_card",279.34,7.35,"MORTGAGE",1,40000
"1428",0,1,"home_improvement",162.33,10.42,"OWN",1,25000
"1429",1,1,"debt_consolidation",105.51,16.02,"RENT",0,53000
"1430",1,1,"debt_consolidation",271.84,13.59,"OWN",0,58000
"1431",0,1,"debt_consolidation",373.27,30.17,"MORTGAGE",0,62000
"1432",0,1,"debt_consolidation",451.25,6.72,"MORTGAGE",1,494000
"1433",0,0,"credit_card",310.38,7.35,"MORTGAGE",1,1e+05
"1434",0,1,"credit_card",681.21,16.02,"MORTGAGE",0,175000
"1435",0,1,"debt_consolidation",607.87,7.97,"MORTGAGE",1,92000
"1436",1,0,"debt_consolidation",512.08,9.44,"MORTGAGE",1,90000
"1437",1,1,"credit_card",563.98,12.62,"OWN",0,50000
"1438",0,1,"home_improvement",247.79,7.21,"MORTGAGE",1,12000
"1439",0,1,"debt_consolidation",895.02,25.82,"RENT",0,150000
"1440",1,1,"credit_card",1502.92,30.89,"RENT",0,1e+05
"1441",0,0,"debt_consolidation",250.59,7.97,"MORTGAGE",1,42000
"1442",1,1,"debt_consolidation",231.57,18.06,"RENT",0,47000
"1443",1,1,"debt_consolidation",259.72,10.42,"MORTGAGE",1,40000
"1444",1,0,"credit_card",338.39,12.62,"RENT",0,60000
"1445",1,1,"home_improvement",310.38,7.35,"MORTGAGE",1,96000
"1446",0,1,"debt_consolidation",195.23,9.44,"RENT",1,70000
"1447",1,1,"small_business",1298.59,10.42,"RENT",1,120000
"1448",0,1,"credit_card",629.07,28.72,"RENT",0,232000
"1449",0,1,"debt_consolidation",644.69,9.93,"RENT",1,73000
"1450",1,0,"debt_consolidation",719.32,10.91,"RENT",1,145000
"1451",1,1,"debt_consolidation",293.37,24.85,"MORTGAGE",0,150000
"1452",1,1,"debt_consolidation",546.15,21.45,"MORTGAGE",0,125000
"1453",0,0,"debt_consolidation",496.6,7.35,"MORTGAGE",1,110000
"1454",0,1,"debt_consolidation",903.55,26.3,"MORTGAGE",0,75000
"1455",1,1,"credit_card",305.84,21.45,"RENT",0,46000
"1456",1,1,"home_improvement",377.51,9.44,"OWN",1,17480
"1457",1,0,"debt_consolidation",1064.5,30.65,"OWN",0,65000
"1458",1,1,"debt_consolidation",64.47,9.93,"OWN",1,80000
"1459",1,1,"debt_consolidation",491.53,21.45,"RENT",0,37000
"1460",1,1,"debt_consolidation",156.11,15.05,"MORTGAGE",0,25000
"1461",1,1,"debt_consolidation",160.86,12.62,"MORTGAGE",0,35000
"1462",0,1,"debt_consolidation",508.4,13.59,"MORTGAGE",0,66000
"1463",1,0,"debt_consolidation",644.69,9.93,"MORTGAGE",1,75000
"1464",1,1,"debt_consolidation",1353.2,22.91,"RENT",0,179467
"1465",1,1,"debt_consolidation",181.96,21.45,"MORTGAGE",0,32000
"1466",0,1,"debt_consolidation",52.47,18.06,"RENT",0,48000
"1467",1,1,"debt_consolidation",916.78,19.03,"MORTGAGE",0,22000
"1468",1,0,"debt_consolidation",295.41,16.02,"MORTGAGE",0,101000
"1469",1,1,"credit_card",417.35,12.62,"MORTGAGE",0,87000
"1470",1,1,"debt_consolidation",146.1,10.42,"RENT",1,35000
"1471",0,0,"debt_consolidation",848.51,9.93,"RENT",1,180000
"1472",0,0,"debt_consolidation",324.85,12.62,"RENT",0,77000
"1473",1,1,"debt_consolidation",361.83,18.06,"RENT",0,35000
"1474",1,1,"debt_consolidation",320.05,9.44,"OWN",1,90000
"1475",0,0,"home_improvement",156.62,7.97,"MORTGAGE",1,55000
"1476",1,1,"debt_consolidation",1162.34,11.99,"MORTGAGE",1,150000
"1477",0,1,"major_purchase",1307.85,10.91,"RENT",1,83000
"1478",0,1,"credit_card",469.84,7.97,"MORTGAGE",1,65000
"1479",0,1,"debt_consolidation",346.9,15.05,"OWN",0,95000
"1480",0,0,"debt_consolidation",548.37,15.05,"MORTGAGE",0,30000
"1481",1,0,"small_business",184.5,6.72,"MORTGAGE",1,80000
"1482",0,1,"credit_card",487.34,6.08,"RENT",1,66400
"1483",0,1,"debt_consolidation",559.44,14.08,"RENT",0,90000
"1484",0,1,"debt_consolidation",31.04,7.35,"RENT",1,75000
"1485",1,1,"credit_card",582.75,14.08,"MORTGAGE",0,3e+05
"1486",0,1,"debt_consolidation",750.91,10.42,"MORTGAGE",1,3e+05
"1487",1,1,"home_improvement",313.23,7.97,"MORTGAGE",1,125000
"1488",1,0,"debt_consolidation",1370.95,23.88,"MORTGAGE",0,90000
"1489",1,0,"debt_consolidation",304.59,6.08,"MORTGAGE",1,40000
"1490",0,0,"debt_consolidation",422.01,16.02,"MORTGAGE",0,90000
"1491",0,0,"home_improvement",693.8,15.05,"MORTGAGE",0,51000
"1492",1,0,"debt_consolidation",232.47,11.99,"RENT",1,75000
"1493",0,1,"debt_consolidation",957.75,9.44,"MORTGAGE",1,210000
"1494",0,1,"debt_consolidation",580.26,16.02,"RENT",0,68000
"1495",1,1,"debt_consolidation",955.75,21.45,"MORTGAGE",0,90000
"1496",0,1,"credit_card",351.67,16.02,"MORTGAGE",0,82000
"1497",1,0,"debt_consolidation",352.53,23.88,"RENT",0,35000
"1498",1,1,"debt_consolidation",424.26,9.93,"MORTGAGE",1,85000
"1499",1,1,"debt_consolidation",747.03,17.09,"MORTGAGE",0,85000
"1500",1,1,"credit_card",509.93,16.02,"MORTGAGE",0,105000
"1501",1,0,"credit_card",513.25,14.08,"OWN",0,62000
"1502",0,1,"debt_consolidation",361.83,18.06,"RENT",0,50000
"1503",1,1,"debt_consolidation",879.18,16.02,"RENT",0,35000
"1504",0,1,"debt_consolidation",476.33,15.05,"MORTGAGE",0,106000
"1505",1,0,"credit_card",664.2,11.99,"RENT",1,70000
"1506",1,1,"debt_consolidation",356.98,17.09,"RENT",0,60000
"1507",0,1,"debt_consolidation",603.21,12.62,"MORTGAGE",0,60000
"1508",0,0,"debt_consolidation",324.65,10.42,"MORTGAGE",1,92000
"1509",0,0,"home_improvement",222.4,11.99,"MORTGAGE",1,78000
"1510",1,1,"debt_consolidation",505.15,28.72,"MORTGAGE",0,30000
"1511",1,0,"home_improvement",268.09,12.62,"OWN",0,65000
"1512",0,0,"major_purchase",493.45,10.42,"MORTGAGE",1,230000
"1513",0,0,"home_improvement",361.38,5.32,"MORTGAGE",1,133000
"1514",0,0,"credit_card",88.02,19.03,"RENT",0,38000
"1515",0,1,"debt_consolidation",877.9,10.91,"MORTGAGE",1,30000
"1516",0,0,"major_purchase",707.66,7.35,"RENT",1,67894
"1517",0,1,"debt_consolidation",179.55,28.72,"RENT",0,14397
"1518",0,1,"credit_card",626.46,7.97,"RENT",1,145000
"1519",0,1,"debt_consolidation",498.15,11.99,"RENT",1,55000
"1520",1,1,"credit_card",861.74,23.88,"RENT",0,53320
"1521",1,1,"debt_consolidation",1258.87,24.85,"MORTGAGE",0,64901.04
"1522",0,1,"credit_card",1005.34,12.62,"MORTGAGE",0,85000
"1523",1,1,"debt_consolidation",483.52,9.93,"MORTGAGE",1,88500
"1524",0,1,"debt_consolidation",49.98,17.09,"RENT",0,60000
"1525",1,0,"credit_card",371.64,20,"RENT",0,81507
"1526",0,0,"debt_consolidation",499.77,17.09,"MORTGAGE",0,87360
"1527",0,0,"credit_card",178.39,20,"RENT",0,38000
"1528",1,1,"debt_consolidation",679.58,13.59,"RENT",0,70000
"1529",0,0,"debt_consolidation",566,11.99,"MORTGAGE",1,50918
"1530",0,1,"debt_consolidation",603.21,12.62,"OWN",0,260000
"1531",1,1,"debt_consolidation",173.45,15.05,"MORTGAGE",0,122000
"1532",0,1,"debt_consolidation",773.68,16.02,"RENT",0,74500
"1533",1,0,"debt_consolidation",253.28,18.06,"OWN",0,130000
"1534",1,1,"home_improvement",238.17,15.05,"MORTGAGE",0,70000
"1535",0,1,"debt_consolidation",661.08,18.06,"OWN",0,33000
"1536",0,0,"debt_consolidation",940.08,23.88,"MORTGAGE",0,60000
"1537",1,0,"credit_card",541.42,12.62,"MORTGAGE",0,90000
"1538",1,0,"credit_card",742.45,9.93,"MORTGAGE",1,185000
"1539",1,0,"credit_card",264.04,19.03,"RENT",0,20000
"1540",0,1,"home_improvement",92.91,20,"OWN",0,58000
"1541",1,1,"debt_consolidation",733.43,19.03,"MORTGAGE",0,50000
"1542",0,0,"debt_consolidation",371.68,7.21,"OWN",1,75000
"1543",0,0,"debt_consolidation",382.3,21.45,"RENT",0,70000
"1544",0,1,"debt_consolidation",371.68,7.21,"MORTGAGE",1,1e+05
"1545",0,1,"debt_consolidation",311.38,14.08,"MORTGAGE",0,22800
"1546",0,0,"debt_consolidation",313.23,7.97,"MORTGAGE",1,75000
"1547",0,1,"debt_consolidation",973.95,10.42,"RENT",1,120227
"1548",0,1,"debt_consolidation",433.96,10.91,"MORTGAGE",1,51885
"1549",0,1,"debt_consolidation",379.07,21.45,"RENT",0,37000
"1550",0,1,"credit_card",238.17,15.05,"MORTGAGE",0,70000
"1551",0,1,"credit_card",527.51,16.02,"RENT",0,65000
"1552",0,0,"debt_consolidation",103.89,10.42,"MORTGAGE",1,80000
"1553",1,1,"debt_consolidation",259.58,19.03,"RENT",0,34000
"1554",1,0,"debt_consolidation",508.53,18.06,"MORTGAGE",0,39000
"1555",1,0,"debt_consolidation",285.59,17.09,"MORTGAGE",0,65000
"1556",0,1,"debt_consolidation",490.14,20,"MORTGAGE",0,60000
